RiscZeroGovernor,454,5767802
BaselineGovernor,454,26972810
RiscZeroGovernor,915,12519106
BaselineGovernor,915,54260509
RiscZeroGovernor,982,13686713
BaselineGovernor,982,58228542
RiscZeroGovernor,845,11356279
BaselineGovernor,845,50115384
RiscZeroGovernor,908,12400855
BaselineGovernor,908,53845969
RiscZeroGovernor,940,12948988
BaselineGovernor,940,55741054
RiscZeroGovernor,924,12673329
RiscZeroGovernor,329,4219681
BaselineGovernor,924,54793495
BaselineGovernor,329,19578194
RiscZeroGovernor,813,10844160
BaselineGovernor,813,48220666
RiscZeroGovernor,907,12383372
BaselineGovernor,907,53786749
RiscZeroGovernor,918,12569545
BaselineGovernor,918,54438170
RiscZeroGovernor,982,13686713
RiscZeroGovernor,878,11897227
BaselineGovernor,982,58228542
RiscZeroGovernor,749,9853179
BaselineGovernor,878,52069439
RiscZeroGovernor,777,10281426
BaselineGovernor,749,44431604
RiscZeroGovernor,999,13993183
BaselineGovernor,777,46089257
RiscZeroGovernor,558,7128892
RiscZeroGovernor,223,2964315
RiscZeroGovernor,100,1551196
BaselineGovernor,999,59235442
RiscZeroGovernor,726,9507777
BaselineGovernor,558,33126572
BaselineGovernor,223,13309042
BaselineGovernor,100,6036166
RiscZeroGovernor,954,13191506
RiscZeroGovernor,482,6127000
RiscZeroGovernor,100,1551196
BaselineGovernor,726,43070032
RiscZeroGovernor,842,11308339
RiscZeroGovernor,489,6217387
BaselineGovernor,954,56570192
RiscZeroGovernor,588,7536642
BaselineGovernor,482,28629463
BaselineGovernor,100,6036166
RiscZeroGovernor,943,13000425
RiscZeroGovernor,245,3221298
BaselineGovernor,842,49937747
BaselineGovernor,489,29043641
RiscZeroGovernor,965,13384109
BaselineGovernor,588,34901939
RiscZeroGovernor,409,5200485
RiscZeroGovernor,367,4681749
RiscZeroGovernor,395,5026723
RiscZeroGovernor,500,6360977
BaselineGovernor,943,55918724
BaselineGovernor,245,14610076
RiscZeroGovernor,580,7427337
RiscZeroGovernor,101,1562546
RiscZeroGovernor,736,9658287
RiscZeroGovernor,167,2316458
BaselineGovernor,965,57221676
BaselineGovernor,409,24310529
RiscZeroGovernor,713,9314192
RiscZeroGovernor,240,3162847
BaselineGovernor,367,21825957
BaselineGovernor,395,23482315
RiscZeroGovernor,918,12569545
BaselineGovernor,500,29694505
RiscZeroGovernor,295,3812302
RiscZeroGovernor,176,2419964
RiscZeroGovernor,100,1551196
BaselineGovernor,580,34428498
BaselineGovernor,101,6095289
RiscZeroGovernor,766,10112691
RiscZeroGovernor,113,1698981
BaselineGovernor,736,43662011
BaselineGovernor,167,9997587
RiscZeroGovernor,996,13939636
RiscZeroGovernor,123,1812939
BaselineGovernor,713,42300474
BaselineGovernor,240,14314380
RiscZeroGovernor,943,13000425
BaselineGovernor,918,54438170
RiscZeroGovernor,809,10780943
BaselineGovernor,295,17567185
BaselineGovernor,176,10529760
BaselineGovernor,100,6036166
RiscZeroGovernor,925,12688539
BaselineGovernor,766,45438025
BaselineGovernor,113,6804758
RiscZeroGovernor,986,13758294
RiscZeroGovernor,267,3480250
RiscZeroGovernor,102,1573937
RiscZeroGovernor,111,1676290
RiscZeroGovernor,102,1573937
BaselineGovernor,996,59057751
BaselineGovernor,123,7395997
RiscZeroGovernor,567,7250606
RiscZeroGovernor,191,2593034
RiscZeroGovernor,188,2558348
BaselineGovernor,943,55918724
RiscZeroGovernor,950,13121589
BaselineGovernor,809,47983835
RiscZeroGovernor,919,12587268
RiscZeroGovernor,167,2316458
RiscZeroGovernor,478,6075375
BaselineGovernor,925,54852718
RiscZeroGovernor,445,5653221
RiscZeroGovernor,103,1585331
BaselineGovernor,986,58465455
RiscZeroGovernor,932,12810758
BaselineGovernor,267,15911167
BaselineGovernor,102,6154411
BaselineGovernor,111,6686512
BaselineGovernor,102,6154411
RiscZeroGovernor,787,10437342
RiscZeroGovernor,469,5959409
BaselineGovernor,567,33659170
RiscZeroGovernor,203,2731909
RiscZeroGovernor,248,3256621
BaselineGovernor,191,11416736
RiscZeroGovernor,123,1812939
BaselineGovernor,188,11239339
RiscZeroGovernor,360,4596181
RiscZeroGovernor,773,10219752
BaselineGovernor,950,56333293
RiscZeroGovernor,818,10923958
RiscZeroGovernor,426,5413494
BaselineGovernor,919,54497390
RiscZeroGovernor,358,4571602
BaselineGovernor,167,9997587
RiscZeroGovernor,298,3847972
BaselineGovernor,478,28392792
BaselineGovernor,445,26440334
RiscZeroGovernor,911,12451139
BaselineGovernor,103,6213532
RiscZeroGovernor,856,11536641
RiscZeroGovernor,100,1551196
RiscZeroGovernor,205,2754982
BaselineGovernor,932,55267271
BaselineGovernor,787,46681300
RiscZeroGovernor,989,13811358
BaselineGovernor,469,27860291
BaselineGovernor,203,12126336
BaselineGovernor,248,14787493
RiscZeroGovernor,915,12519106
RiscZeroGovernor,100,1551196
BaselineGovernor,123,7395997
BaselineGovernor,360,21411882
RiscZeroGovernor,915,12519106
BaselineGovernor,773,45852444
RiscZeroGovernor,987,13776984
BaselineGovernor,818,48516706
BaselineGovernor,426,25316251
RiscZeroGovernor,726,9507777
BaselineGovernor,358,21293577
RiscZeroGovernor,565,7223024
BaselineGovernor,298,17744622
RiscZeroGovernor,486,6178729
RiscZeroGovernor,309,3979329
RiscZeroGovernor,436,5539748
RiscZeroGovernor,303,3907757
BaselineGovernor,911,54023627
RiscZeroGovernor,427,5426234
BaselineGovernor,856,50766719
BaselineGovernor,100,6036166
RiscZeroGovernor,921,12620089
BaselineGovernor,205,12244606
RiscZeroGovernor,365,4657010
RiscZeroGovernor,247,3244897
RiscZeroGovernor,401,5100893
RiscZeroGovernor,383,4878369
BaselineGovernor,989,58643143
RiscZeroGovernor,587,7522749
RiscZeroGovernor,334,4280163
BaselineGovernor,915,54260509
BaselineGovernor,100,6036166
RiscZeroGovernor,917,12551840
RiscZeroGovernor,185,2523645
BaselineGovernor,915,54260509
RiscZeroGovernor,990,13830088
RiscZeroGovernor,157,2201559
RiscZeroGovernor,231,3057630
BaselineGovernor,987,58524685
RiscZeroGovernor,866,11699260
BaselineGovernor,726,43070032
RiscZeroGovernor,916,12536698
BaselineGovernor,565,33540814
RiscZeroGovernor,192,2604563
RiscZeroGovernor,270,3515599
RiscZeroGovernor,124,1824291
RiscZeroGovernor,103,1585331
BaselineGovernor,486,28866136
RiscZeroGovernor,495,6295725
BaselineGovernor,309,18395231
RiscZeroGovernor,444,5640988
BaselineGovernor,436,25907868
BaselineGovernor,303,18040352
RiscZeroGovernor,757,9974713
RiscZeroGovernor,100,1551196
RiscZeroGovernor,100,1551196
BaselineGovernor,427,25375413
RiscZeroGovernor,397,5051231
RiscZeroGovernor,629,8104120
BaselineGovernor,921,54615831
BaselineGovernor,365,21707650
RiscZeroGovernor,911,12451139
RiscZeroGovernor,127,1858545
BaselineGovernor,247,14728353
BaselineGovernor,401,23837261
RiscZeroGovernor,921,12620089
RiscZeroGovernor,103,1585331
BaselineGovernor,383,22772435
RiscZeroGovernor,595,7632494
RiscZeroGovernor,180,2466049
BaselineGovernor,587,34842758
RiscZeroGovernor,157,2201559
BaselineGovernor,334,19873942
RiscZeroGovernor,910,12433527
BaselineGovernor,917,54378950
BaselineGovernor,185,11061942
RiscZeroGovernor,919,12587268
RiscZeroGovernor,643,8302084
BaselineGovernor,990,58702372
RiscZeroGovernor,400,5088831
BaselineGovernor,157,9406297
BaselineGovernor,231,13782139
RiscZeroGovernor,931,12792944
RiscZeroGovernor,101,1562546
RiscZeroGovernor,102,1573937
BaselineGovernor,866,51358857
RiscZeroGovernor,927,12724186
BaselineGovernor,916,54319728
BaselineGovernor,192,11475868
RiscZeroGovernor,662,8572245
RiscZeroGovernor,107,1630797
BaselineGovernor,270,16088594
RiscZeroGovernor,306,3943524
BaselineGovernor,124,7455121
BaselineGovernor,103,6213532
RiscZeroGovernor,630,8118484
BaselineGovernor,495,29398655
BaselineGovernor,444,26381171
RiscZeroGovernor,876,11865239
BaselineGovernor,757,44905210
BaselineGovernor,100,6036166
BaselineGovernor,100,6036166
RiscZeroGovernor,879,11914411
BaselineGovernor,397,23600631
RiscZeroGovernor,786,10421305
BaselineGovernor,629,37328450
RiscZeroGovernor,520,6623196
RiscZeroGovernor,689,8961853
RiscZeroGovernor,366,4669376
BaselineGovernor,911,54023627
BaselineGovernor,127,7632494
RiscZeroGovernor,567,7250606
RiscZeroGovernor,469,5959409
RiscZeroGovernor,100,1551196
RiscZeroGovernor,196,2650821
BaselineGovernor,921,54615831
BaselineGovernor,103,6213532
BaselineGovernor,595,35316206
RiscZeroGovernor,993,13883304
BaselineGovernor,180,10766284
BaselineGovernor,157,9406297
RiscZeroGovernor,754,9929518
BaselineGovernor,910,53964409
RiscZeroGovernor,821,10971120
BaselineGovernor,919,54497390
RiscZeroGovernor,911,12451139
RiscZeroGovernor,215,2871205
RiscZeroGovernor,513,6530505
BaselineGovernor,643,38157062
RiscZeroGovernor,175,2408484
RiscZeroGovernor,188,2558348
RiscZeroGovernor,185,2523645
BaselineGovernor,400,23778102
RiscZeroGovernor,747,9823794
BaselineGovernor,931,55208048
BaselineGovernor,101,6095289
BaselineGovernor,102,6154411
RiscZeroGovernor,861,11616684
RiscZeroGovernor,705,9196137
RiscZeroGovernor,204,2743474
BaselineGovernor,927,54971161
RiscZeroGovernor,588,7536642
BaselineGovernor,662,39281644
BaselineGovernor,107,6450021
RiscZeroGovernor,690,8976812
BaselineGovernor,306,18217790
RiscZeroGovernor,666,8629603
BaselineGovernor,630,37387636
RiscZeroGovernor,705,9196137
RiscZeroGovernor,101,1562546
BaselineGovernor,876,51951008
RiscZeroGovernor,948,13088026
BaselineGovernor,879,52128655
RiscZeroGovernor,686,8918576
BaselineGovernor,786,46622095
RiscZeroGovernor,952,13157852
BaselineGovernor,520,30877929
RiscZeroGovernor,645,8329725
RiscZeroGovernor,101,1562546
BaselineGovernor,689,40879809
RiscZeroGovernor,679,8817395
RiscZeroGovernor,423,5375974
BaselineGovernor,366,21766803
RiscZeroGovernor,509,6478044
BaselineGovernor,567,33659170
BaselineGovernor,469,27860291
BaselineGovernor,100,6036166
RiscZeroGovernor,929,12757186
BaselineGovernor,196,11712401
RiscZeroGovernor,560,7156271
BaselineGovernor,993,58880061
RiscZeroGovernor,990,13830088
RiscZeroGovernor,210,2813054
BaselineGovernor,754,44727607
RiscZeroGovernor,638,8231086
BaselineGovernor,821,48694333
RiscZeroGovernor,955,13209731
BaselineGovernor,911,54023627
BaselineGovernor,215,12835954
RiscZeroGovernor,985,13739622
RiscZeroGovernor,103,1585331
BaselineGovernor,513,30463725
BaselineGovernor,175,10470629
RiscZeroGovernor,804,10703626
BaselineGovernor,188,11239339
BaselineGovernor,185,11061942
RiscZeroGovernor,496,6308865
RiscZeroGovernor,370,4718383
RiscZeroGovernor,320,4111531
BaselineGovernor,747,44313203
RiscZeroGovernor,582,7454132
RiscZeroGovernor,132,1915555
BaselineGovernor,861,51062788
RiscZeroGovernor,973,13525687
RiscZeroGovernor,161,2247453
BaselineGovernor,705,41826911
BaselineGovernor,204,12185470
RiscZeroGovernor,711,9285440
RiscZeroGovernor,100,1551196
BaselineGovernor,588,34901939
RiscZeroGovernor,947,13069989
RiscZeroGovernor,141,2018344
BaselineGovernor,690,40939002
BaselineGovernor,666,39518404
RiscZeroGovernor,976,13581136
RiscZeroGovernor,100,1551196
RiscZeroGovernor,249,3268221
BaselineGovernor,705,41826911
BaselineGovernor,101,6095289
RiscZeroGovernor,796,10578121
RiscZeroGovernor,761,10035724
RiscZeroGovernor,102,1573937
BaselineGovernor,948,56214844
BaselineGovernor,686,40702232
RiscZeroGovernor,843,11325062
RiscZeroGovernor,100,1551196
BaselineGovernor,952,56451741
RiscZeroGovernor,914,12501439
BaselineGovernor,645,38275437
BaselineGovernor,101,6095289
RiscZeroGovernor,906,12365812
RiscZeroGovernor,188,2558348
RiscZeroGovernor,373,4755061
BaselineGovernor,679,40287885
BaselineGovernor,423,25138768
RiscZeroGovernor,914,12501439
BaselineGovernor,509,30227040
RiscZeroGovernor,905,12348270
BaselineGovernor,929,55089604
RiscZeroGovernor,907,12383372
BaselineGovernor,560,33244925
RiscZeroGovernor,518,6596471
RiscZeroGovernor,769,10158243
BaselineGovernor,990,58702372
RiscZeroGovernor,344,4401409
RiscZeroGovernor,100,1551196
BaselineGovernor,210,12540278
RiscZeroGovernor,662,8572245
BaselineGovernor,638,37861126
RiscZeroGovernor,914,12501439
BaselineGovernor,955,56629417
RiscZeroGovernor,440,5590319
RiscZeroGovernor,900,12265795
BaselineGovernor,985,58406226
BaselineGovernor,103,6213532
RiscZeroGovernor,907,12383372
RiscZeroGovernor,101,1562546
BaselineGovernor,804,47687799
RiscZeroGovernor,661,8557571
BaselineGovernor,496,29457824
RiscZeroGovernor,490,6230565
BaselineGovernor,370,22003419
BaselineGovernor,320,19045854
RiscZeroGovernor,955,13209731
BaselineGovernor,582,34546857
BaselineGovernor,132,7928121
RiscZeroGovernor,924,12673329
RiscZeroGovernor,465,5908125
BaselineGovernor,973,57695491
RiscZeroGovernor,102,1573937
BaselineGovernor,161,9642811
BaselineGovernor,711,42182082
RiscZeroGovernor,937,12895080
BaselineGovernor,100,6036166
RiscZeroGovernor,653,8443366
RiscZeroGovernor,159,2224588
RiscZeroGovernor,213,2847839
BaselineGovernor,947,56155620
BaselineGovernor,141,8460256
RiscZeroGovernor,947,13069989
RiscZeroGovernor,283,3669614
RiscZeroGovernor,268,3492055
RiscZeroGovernor,102,1573937
BaselineGovernor,976,57873172
BaselineGovernor,100,6036166
BaselineGovernor,249,14846633
RiscZeroGovernor,958,13261627
RiscZeroGovernor,103,1585331
BaselineGovernor,796,47214148
RiscZeroGovernor,726,9507777
RiscZeroGovernor,290,3752687
RiscZeroGovernor,360,4596181
BaselineGovernor,761,45142015
BaselineGovernor,102,6154411
RiscZeroGovernor,948,13088026
RiscZeroGovernor,235,3104365
BaselineGovernor,843,49996959
BaselineGovernor,100,6036166
RiscZeroGovernor,952,13157852
RiscZeroGovernor,103,1585331
BaselineGovernor,914,54201288
RiscZeroGovernor,558,7128892
BaselineGovernor,906,53727529
RiscZeroGovernor,761,10035724
BaselineGovernor,188,11239339
BaselineGovernor,373,22180883
RiscZeroGovernor,937,12895080
RiscZeroGovernor,217,2894341
BaselineGovernor,914,54201288
RiscZeroGovernor,835,11196115
BaselineGovernor,905,53668311
RiscZeroGovernor,881,11946372
RiscZeroGovernor,464,5895809
RiscZeroGovernor,100,1551196
BaselineGovernor,907,53786749
BaselineGovernor,518,30759586
RiscZeroGovernor,952,13157852
RiscZeroGovernor,746,9808218
BaselineGovernor,769,45615632
BaselineGovernor,344,20465447
BaselineGovernor,100,6036166
RiscZeroGovernor,915,12519106
BaselineGovernor,662,39281644
RiscZeroGovernor,586,7508776
RiscZeroGovernor,914,12501439
BaselineGovernor,914,54201288
BaselineGovernor,440,26144517
RiscZeroGovernor,915,12519106
RiscZeroGovernor,252,3303591
BaselineGovernor,900,53372217
RiscZeroGovernor,913,12483788
RiscZeroGovernor,103,1585331
BaselineGovernor,907,53786749
BaselineGovernor,101,6095289
RiscZeroGovernor,909,12415933
BaselineGovernor,661,39222455
RiscZeroGovernor,790,10483533
BaselineGovernor,490,29102810
RiscZeroGovernor,408,5188394
RiscZeroGovernor,500,6360977
RiscZeroGovernor,139,1995558
BaselineGovernor,955,56629417
RiscZeroGovernor,654,8457960
RiscZeroGovernor,207,2778293
RiscZeroGovernor,252,3303591
RiscZeroGovernor,178,2442986
RiscZeroGovernor,101,1562546
BaselineGovernor,924,54793495
BaselineGovernor,465,27623626
RiscZeroGovernor,961,13313632
BaselineGovernor,102,6154411
RiscZeroGovernor,923,12655628
BaselineGovernor,937,55563384
RiscZeroGovernor,366,4669376
RiscZeroGovernor,100,1551196
BaselineGovernor,653,38748942
BaselineGovernor,159,9524554
BaselineGovernor,213,12717684
RiscZeroGovernor,984,13723899
BaselineGovernor,947,56155620
RiscZeroGovernor,944,13018406
RiscZeroGovernor,103,1585331
BaselineGovernor,283,16857452
BaselineGovernor,268,15970309
BaselineGovernor,102,6154411
RiscZeroGovernor,840,11277093
RiscZeroGovernor,100,1551196
BaselineGovernor,958,56807094
BaselineGovernor,103,6213532
RiscZeroGovernor,913,12483788
RiscZeroGovernor,370,4718383
RiscZeroGovernor,229,3034151
RiscZeroGovernor,309,3979329
BaselineGovernor,726,43070032
BaselineGovernor,290,17271461
BaselineGovernor,360,21411882
RiscZeroGovernor,984,13723899
RiscZeroGovernor,479,6088473
RiscZeroGovernor,324,4159661
RiscZeroGovernor,260,3397705
RiscZeroGovernor,101,1562546
BaselineGovernor,948,56214844
RiscZeroGovernor,450,5716895
BaselineGovernor,235,14018689
RiscZeroGovernor,824,11020444
RiscZeroGovernor,117,1744513
RiscZeroGovernor,102,1573937
BaselineGovernor,952,56451741
BaselineGovernor,103,6213532
BaselineGovernor,558,33126572
RiscZeroGovernor,989,13811358
BaselineGovernor,761,45142015
RiscZeroGovernor,962,13331955
RiscZeroGovernor,434,5514243
RiscZeroGovernor,359,4583932
BaselineGovernor,937,55563384
BaselineGovernor,217,12954225
RiscZeroGovernor,663,8586933
BaselineGovernor,835,49523270
RiscZeroGovernor,925,12688539
RiscZeroGovernor,462,5869919
RiscZeroGovernor,107,1630797
BaselineGovernor,881,52247087
RiscZeroGovernor,555,7088810
BaselineGovernor,464,27564460
BaselineGovernor,100,6036166
RiscZeroGovernor,933,12826033
BaselineGovernor,952,56451741
RiscZeroGovernor,662,8572245
BaselineGovernor,746,44254004
RiscZeroGovernor,905,12348270
RiscZeroGovernor,465,5908125
BaselineGovernor,915,54260509
RiscZeroGovernor,937,12895080
RiscZeroGovernor,175,2408484
RiscZeroGovernor,102,1573937
RiscZeroGovernor,102,1573937
BaselineGovernor,586,34783577
RiscZeroGovernor,346,4425535
RiscZeroGovernor,352,4498640
BaselineGovernor,914,54201288
RiscZeroGovernor,814,10860518
RiscZeroGovernor,100,1551196
RiscZeroGovernor,531,6768467
RiscZeroGovernor,319,4099490
BaselineGovernor,915,54260509
RiscZeroGovernor,179,2454557
BaselineGovernor,252,15024053
RiscZeroGovernor,651,8415599
RiscZeroGovernor,663,8586933
BaselineGovernor,913,54142067
RiscZeroGovernor,271,3527497
BaselineGovernor,103,6213532
RiscZeroGovernor,103,1585331
RiscZeroGovernor,100,1551196
RiscZeroGovernor,100,1551196
BaselineGovernor,909,53905189
RiscZeroGovernor,929,12757186
RiscZeroGovernor,100,1551196
RiscZeroGovernor,103,1585331
RiscZeroGovernor,103,1585331
RiscZeroGovernor,172,2373921
RiscZeroGovernor,166,2304920
RiscZeroGovernor,102,1573937
RiscZeroGovernor,102,1573937
RiscZeroGovernor,102,1573937
BaselineGovernor,790,46858915
RiscZeroGovernor,426,5413494
RiscZeroGovernor,460,5844643
BaselineGovernor,408,24251370
BaselineGovernor,500,29694505
BaselineGovernor,139,8342002
RiscZeroGovernor,888,12064655
RiscZeroGovernor,429,5451065
RiscZeroGovernor,102,1573937
BaselineGovernor,654,38808131
BaselineGovernor,207,12362873
RiscZeroGovernor,660,8544249
RiscZeroGovernor,101,1562546
BaselineGovernor,252,15024053
RiscZeroGovernor,325,4171468
BaselineGovernor,178,10648022
RiscZeroGovernor,276,3586646
BaselineGovernor,101,6095289
RiscZeroGovernor,956,13227883
BaselineGovernor,961,56984770
RiscZeroGovernor,965,13384109
RiscZeroGovernor,103,1585331
BaselineGovernor,923,54734275
BaselineGovernor,366,21766803
BaselineGovernor,100,6036166
RiscZeroGovernor,914,12501439
RiscZeroGovernor,100,1551196
RiscZeroGovernor,395,5026723
BaselineGovernor,984,58346997
RiscZeroGovernor,986,13758294
RiscZeroGovernor,100,1551196
BaselineGovernor,944,55977948
BaselineGovernor,103,6213532
RiscZeroGovernor,868,11733238
BaselineGovernor,840,49819324
BaselineGovernor,100,6036166
RiscZeroGovernor,845,11356279
RiscZeroGovernor,676,8774292
BaselineGovernor,913,54142067
RiscZeroGovernor,330,4231854
RiscZeroGovernor,427,5426234
BaselineGovernor,370,22003419
BaselineGovernor,229,13663865
RiscZeroGovernor,662,8572245
BaselineGovernor,309,18395231
RiscZeroGovernor,768,10144224
RiscZeroGovernor,259,3385933
RiscZeroGovernor,240,3162847
RiscZeroGovernor,100,1551196
BaselineGovernor,984,58346997
BaselineGovernor,479,28451959
RiscZeroGovernor,810,10797253
BaselineGovernor,324,19282450
BaselineGovernor,260,15497178
BaselineGovernor,101,6095289
RiscZeroGovernor,929,12757186
RiscZeroGovernor,102,1573937
BaselineGovernor,450,26736152
RiscZeroGovernor,739,9703050
BaselineGovernor,824,48871960
BaselineGovernor,117,7041252
BaselineGovernor,102,6154411
RiscZeroGovernor,689,8961853
RiscZeroGovernor,101,1562546
RiscZeroGovernor,664,8601542
RiscZeroGovernor,108,1642119
BaselineGovernor,989,58643143
RiscZeroGovernor,692,9006679
RiscZeroGovernor,486,6178729
RiscZeroGovernor,101,1562546
RiscZeroGovernor,214,2859520
BaselineGovernor,962,57043996
RiscZeroGovernor,426,5413494
BaselineGovernor,434,25789544
RiscZeroGovernor,761,10035724
BaselineGovernor,359,21352729
RiscZeroGovernor,356,4547370
RiscZeroGovernor,102,1573937
BaselineGovernor,663,39340833
RiscZeroGovernor,767,10128495
RiscZeroGovernor,481,6113880
RiscZeroGovernor,126,1847104
BaselineGovernor,925,54852718
RiscZeroGovernor,785,10405282
BaselineGovernor,462,27446130
BaselineGovernor,107,6450021
BaselineGovernor,555,32949041
RiscZeroGovernor,852,11471481
RiscZeroGovernor,100,1551196
RiscZeroGovernor,439,5577579
BaselineGovernor,933,55326494
RiscZeroGovernor,907,12383372
BaselineGovernor,662,39281644
RiscZeroGovernor,874,11831049
BaselineGovernor,905,53668311
RiscZeroGovernor,926,12706354
BaselineGovernor,465,27623626
RiscZeroGovernor,362,4620448
RiscZeroGovernor,746,9808218
BaselineGovernor,937,55563384
BaselineGovernor,175,10470629
BaselineGovernor,102,6154411
BaselineGovernor,102,6154411
RiscZeroGovernor,920,12604914
BaselineGovernor,346,20583750
RiscZeroGovernor,346,4425535
BaselineGovernor,352,20938660
RiscZeroGovernor,911,12451139
RiscZeroGovernor,153,2155700
RiscZeroGovernor,158,2213072
BaselineGovernor,814,48279874
BaselineGovernor,100,6036166
BaselineGovernor,531,31528835
RiscZeroGovernor,949,13103437
BaselineGovernor,319,18986707
BaselineGovernor,179,10707153
RiscZeroGovernor,946,13051877
BaselineGovernor,651,38630564
BaselineGovernor,663,39340833
BaselineGovernor,271,16147734
RiscZeroGovernor,994,13902096
BaselineGovernor,103,6213532
RiscZeroGovernor,243,3197997
BaselineGovernor,100,6036166
BaselineGovernor,100,6036166
RiscZeroGovernor,358,4571602
BaselineGovernor,929,55089604
RiscZeroGovernor,948,13088026
BaselineGovernor,100,6036166
BaselineGovernor,103,6213532
BaselineGovernor,103,6213532
BaselineGovernor,172,10293238
BaselineGovernor,166,9938458
BaselineGovernor,102,6154411
BaselineGovernor,102,6154411
RiscZeroGovernor,957,13243361
BaselineGovernor,102,6154411
RiscZeroGovernor,100,1551196
BaselineGovernor,426,25316251
RiscZeroGovernor,862,11633645
BaselineGovernor,460,27327798
RiscZeroGovernor,806,10734163
RiscZeroGovernor,329,4219681
BaselineGovernor,888,52661603
BaselineGovernor,429,25493736
BaselineGovernor,102,6154411
RiscZeroGovernor,760,10021761
RiscZeroGovernor,360,4596181
RiscZeroGovernor,228,3022594
BaselineGovernor,660,39163264
BaselineGovernor,101,6095289
RiscZeroGovernor,510,6491373
BaselineGovernor,325,19341598
BaselineGovernor,276,16443448
RiscZeroGovernor,907,12383372
BaselineGovernor,956,56688643
RiscZeroGovernor,922,12637850
RiscZeroGovernor,402,5113473
RiscZeroGovernor,212,2836317
BaselineGovernor,965,57221676
BaselineGovernor,103,6213532
RiscZeroGovernor,956,13227883
RiscZeroGovernor,359,4583932
RiscZeroGovernor,242,3186212
BaselineGovernor,914,54201288
BaselineGovernor,100,6036166
RiscZeroGovernor,682,8860487
BaselineGovernor,395,23482315
RiscZeroGovernor,567,7250606
RiscZeroGovernor,100,1551196
RiscZeroGovernor,454,5767802
RiscZeroGovernor,134,1938396
BaselineGovernor,986,58465455
BaselineGovernor,100,6036166
RiscZeroGovernor,802,10671247
RiscZeroGovernor,101,1562546
RiscZeroGovernor,484,6153176
BaselineGovernor,868,51477286
RiscZeroGovernor,941,12964331
RiscZeroGovernor,181,2477511
BaselineGovernor,845,50115384
RiscZeroGovernor,495,6295725
RiscZeroGovernor,207,2778293
RiscZeroGovernor,253,3315202
BaselineGovernor,676,40110311
RiscZeroGovernor,501,6373453
BaselineGovernor,330,19637343
RiscZeroGovernor,268,3492055
RiscZeroGovernor,486,6178729
BaselineGovernor,427,25375413
RiscZeroGovernor,323,4147599
BaselineGovernor,662,39281644
RiscZeroGovernor,792,10515626
RiscZeroGovernor,108,1642119
RiscZeroGovernor,440,5590319
BaselineGovernor,768,45556429
RiscZeroGovernor,357,4559280
BaselineGovernor,259,15438036
BaselineGovernor,240,14314380
BaselineGovernor,100,6036166
RiscZeroGovernor,799,10624683
RiscZeroGovernor,122,1801505
RiscZeroGovernor,103,1585331
RiscZeroGovernor,660,8544249
BaselineGovernor,810,48043042
RiscZeroGovernor,283,3669614
BaselineGovernor,929,55089604
RiscZeroGovernor,929,12757186
BaselineGovernor,102,6154411
BaselineGovernor,739,43839608
RiscZeroGovernor,949,13103437
RiscZeroGovernor,101,1562546
RiscZeroGovernor,103,1585331
BaselineGovernor,689,40879809
BaselineGovernor,101,6095289
RiscZeroGovernor,954,13191506
RiscZeroGovernor,251,3291852
BaselineGovernor,664,39400022
BaselineGovernor,108,6509144
RiscZeroGovernor,972,13510068
BaselineGovernor,692,41057388
RiscZeroGovernor,680,8832166
BaselineGovernor,486,28866136
BaselineGovernor,101,6095289
BaselineGovernor,214,12776820
BaselineGovernor,426,25316251
RiscZeroGovernor,941,12964331
RiscZeroGovernor,721,9432865
BaselineGovernor,761,45142015
BaselineGovernor,356,21175270
BaselineGovernor,102,6154411
RiscZeroGovernor,919,12587268
RiscZeroGovernor,373,4755061
BaselineGovernor,767,45497226
BaselineGovernor,481,28570295
BaselineGovernor,126,7573370
RiscZeroGovernor,926,12706354
BaselineGovernor,785,46562889
RiscZeroGovernor,903,12315797
BaselineGovernor,852,50529868
BaselineGovernor,100,6036166
RiscZeroGovernor,987,13776984
BaselineGovernor,439,26085355
RiscZeroGovernor,587,7522749
RiscZeroGovernor,389,4952164
RiscZeroGovernor,100,1551196
RiscZeroGovernor,173,2385368
BaselineGovernor,907,53786749
RiscZeroGovernor,896,12198554
BaselineGovernor,874,51832577
RiscZeroGovernor,647,8358771
RiscZeroGovernor,738,9687564
BaselineGovernor,926,54911939
RiscZeroGovernor,493,6269302
BaselineGovernor,362,21530189
RiscZeroGovernor,874,11831049
BaselineGovernor,746,44254004
RiscZeroGovernor,494,6282509
BaselineGovernor,920,54556610
RiscZeroGovernor,909,12415933
RiscZeroGovernor,102,1573937
BaselineGovernor,346,20583750
RiscZeroGovernor,932,12810758
RiscZeroGovernor,242,3186212
BaselineGovernor,911,54023627
BaselineGovernor,153,9169782
BaselineGovernor,158,9465425
RiscZeroGovernor,968,13439210
BaselineGovernor,949,56274069
RiscZeroGovernor,726,9507777
BaselineGovernor,946,56096396
RiscZeroGovernor,973,13525687
RiscZeroGovernor,101,1562546
RiscZeroGovernor,141,2018344
BaselineGovernor,994,58939291
BaselineGovernor,243,14491797
RiscZeroGovernor,999,13993183
BaselineGovernor,358,21293577
RiscZeroGovernor,718,9388706
BaselineGovernor,948,56214844
RiscZeroGovernor,928,12741945
RiscZeroGovernor,198,2673939
BaselineGovernor,957,56747868
BaselineGovernor,100,6036166
RiscZeroGovernor,865,11682246
RiscZeroGovernor,342,4377002
BaselineGovernor,862,51122002
RiscZeroGovernor,808,10766638
BaselineGovernor,806,47806213
RiscZeroGovernor,967,13420887
BaselineGovernor,329,19578194
RiscZeroGovernor,620,7979052
RiscZeroGovernor,423,5375974
RiscZeroGovernor,102,1573937
BaselineGovernor,760,45082813
BaselineGovernor,360,21411882
BaselineGovernor,228,13604727
RiscZeroGovernor,927,12724186
BaselineGovernor,510,30286211
RiscZeroGovernor,662,8572245
RiscZeroGovernor,100,1551196
RiscZeroGovernor,101,1562546
BaselineGovernor,907,53786749
RiscZeroGovernor,915,12519106
RiscZeroGovernor,717,9373452
BaselineGovernor,922,54675054
BaselineGovernor,402,23896420
BaselineGovernor,212,12658548
RiscZeroGovernor,911,12451139
BaselineGovernor,956,56688643
RiscZeroGovernor,892,12131510
BaselineGovernor,359,21352729
BaselineGovernor,242,14432659
RiscZeroGovernor,961,13313632
RiscZeroGovernor,115,1721811
BaselineGovernor,682,40465461
RiscZeroGovernor,738,9687564
BaselineGovernor,567,33659170
BaselineGovernor,100,6036166
RiscZeroGovernor,698,9093736
BaselineGovernor,454,26972810
BaselineGovernor,134,8046372
RiscZeroGovernor,662,8572245
BaselineGovernor,802,47569385
BaselineGovernor,101,6095289
RiscZeroGovernor,980,13652412
RiscZeroGovernor,100,1551196
RiscZeroGovernor,100,1551196
RiscZeroGovernor,100,1551196
BaselineGovernor,484,28747799
RiscZeroGovernor,629,8104120
RiscZeroGovernor,588,7536642
BaselineGovernor,941,55800278
BaselineGovernor,181,10825416
BaselineGovernor,495,29398655
RiscZeroGovernor,914,12501439
BaselineGovernor,207,12362873
RiscZeroGovernor,577,7385724
BaselineGovernor,253,15083193
RiscZeroGovernor,631,8132859
BaselineGovernor,501,29753675
BaselineGovernor,268,15970309
BaselineGovernor,486,28866136
RiscZeroGovernor,965,13384109
RiscZeroGovernor,152,2144286
BaselineGovernor,323,19223300
BaselineGovernor,792,46977325
RiscZeroGovernor,948,13088026
RiscZeroGovernor,100,1551196
BaselineGovernor,108,6509144
RiscZeroGovernor,527,6715486
RiscZeroGovernor,165,2293385
BaselineGovernor,440,26144517
BaselineGovernor,357,21234424
RiscZeroGovernor,849,11421104
BaselineGovernor,799,47391766
BaselineGovernor,122,7336872
BaselineGovernor,103,6213532
RiscZeroGovernor,997,13955467
RiscZeroGovernor,320,4111531
RiscZeroGovernor,105,1607997
BaselineGovernor,660,39163264
BaselineGovernor,283,16857452
RiscZeroGovernor,908,12400855
BaselineGovernor,929,55089604
RiscZeroGovernor,959,13279910
RiscZeroGovernor,102,1573937
RiscZeroGovernor,101,1562546
RiscZeroGovernor,214,2859520
RiscZeroGovernor,100,1551196
RiscZeroGovernor,101,1562546
RiscZeroGovernor,103,1585331
BaselineGovernor,949,56274069
BaselineGovernor,101,6095289
BaselineGovernor,103,6213532
RiscZeroGovernor,940,12948988
RiscZeroGovernor,188,2558348
BaselineGovernor,954,56570192
BaselineGovernor,251,14964913
RiscZeroGovernor,876,11865239
RiscZeroGovernor,606,7783936
RiscZeroGovernor,157,2201559
BaselineGovernor,972,57636262
BaselineGovernor,680,40347077
RiscZeroGovernor,972,13510068
RiscZeroGovernor,206,2766635
RiscZeroGovernor,811,10813577
BaselineGovernor,941,55800278
RiscZeroGovernor,217,2894341
BaselineGovernor,721,42774045
RiscZeroGovernor,910,12433527
BaselineGovernor,919,54497390
RiscZeroGovernor,833,11162890
RiscZeroGovernor,324,4159661
RiscZeroGovernor,146,2075578
BaselineGovernor,373,22180883
RiscZeroGovernor,674,8744753
RiscZeroGovernor,100,1551196
RiscZeroGovernor,439,5577579
BaselineGovernor,926,54911939
RiscZeroGovernor,936,12879771
RiscZeroGovernor,106,1619396
BaselineGovernor,903,53549872
RiscZeroGovernor,185,2523645
RiscZeroGovernor,428,5438895
RiscZeroGovernor,431,5476587
RiscZeroGovernor,156,2190137
BaselineGovernor,987,58524685
RiscZeroGovernor,661,8557571
RiscZeroGovernor,103,1585331
BaselineGovernor,587,34842758
BaselineGovernor,389,23127374
BaselineGovernor,100,6036166
RiscZeroGovernor,905,12348270
BaselineGovernor,173,10352369
RiscZeroGovernor,794,10545931
BaselineGovernor,896,53135343
RiscZeroGovernor,609,7825182
BaselineGovernor,647,38393811
RiscZeroGovernor,914,12501439
BaselineGovernor,738,43780409
RiscZeroGovernor,662,8572245
BaselineGovernor,493,29280317
RiscZeroGovernor,721,9432865
RiscZeroGovernor,101,1562546
RiscZeroGovernor,101,1562546
RiscZeroGovernor,102,1573937
RiscZeroGovernor,100,1551196
BaselineGovernor,874,51832577
RiscZeroGovernor,859,11585140
RiscZeroGovernor,100,1551196
BaselineGovernor,494,29339486
RiscZeroGovernor,925,12688539
BaselineGovernor,909,53905189
BaselineGovernor,102,6154411
RiscZeroGovernor,591,7577556
RiscZeroGovernor,619,7964866
RiscZeroGovernor,188,2558348
RiscZeroGovernor,244,3209706
RiscZeroGovernor,101,1562546
BaselineGovernor,932,55267271
BaselineGovernor,242,14432659
RiscZeroGovernor,926,12706354
BaselineGovernor,968,57399355
RiscZeroGovernor,906,12365812
BaselineGovernor,726,43070032
RiscZeroGovernor,472,5998443
RiscZeroGovernor,845,11356279
BaselineGovernor,973,57695491
BaselineGovernor,101,6095289
BaselineGovernor,141,8460256
RiscZeroGovernor,955,13209731
RiscZeroGovernor,101,1562546
RiscZeroGovernor,102,1573937
RiscZeroGovernor,100,1551196
RiscZeroGovernor,100,1551196
BaselineGovernor,999,59235442
RiscZeroGovernor,783,10375235
BaselineGovernor,718,42596456
RiscZeroGovernor,927,12724186
BaselineGovernor,928,55030382
RiscZeroGovernor,648,8373224
RiscZeroGovernor,138,1984089
BaselineGovernor,198,11830668
RiscZeroGovernor,189,2569823
RiscZeroGovernor,528,6728875
BaselineGovernor,865,51299643
BaselineGovernor,342,20347146
RiscZeroGovernor,910,12433527
RiscZeroGovernor,368,4694045
BaselineGovernor,808,47924627
RiscZeroGovernor,914,12501439
RiscZeroGovernor,707,9226404
BaselineGovernor,967,57340127
RiscZeroGovernor,353,4510534
BaselineGovernor,620,36795784
RiscZeroGovernor,614,7894915
RiscZeroGovernor,127,1858545
RiscZeroGovernor,102,1573937
BaselineGovernor,423,25138768
BaselineGovernor,102,6154411
RiscZeroGovernor,644,8316499
RiscZeroGovernor,660,8544249
BaselineGovernor,927,54971161
RiscZeroGovernor,838,11243827
BaselineGovernor,662,39281644
BaselineGovernor,100,6036166
BaselineGovernor,101,6095289
RiscZeroGovernor,712,9300547
BaselineGovernor,915,54260509
RiscZeroGovernor,905,12348270
BaselineGovernor,717,42537260
RiscZeroGovernor,948,13088026
RiscZeroGovernor,470,5972441
BaselineGovernor,911,54023627
RiscZeroGovernor,608,7812161
BaselineGovernor,892,52898473
RiscZeroGovernor,944,13018406
RiscZeroGovernor,640,8259912
RiscZeroGovernor,102,1573937
BaselineGovernor,961,56984770
BaselineGovernor,115,6923005
RiscZeroGovernor,908,12400855
BaselineGovernor,738,43780409
BaselineGovernor,698,41412550
RiscZeroGovernor,988,13795600
BaselineGovernor,662,39281644
RiscZeroGovernor,860,11601989
RiscZeroGovernor,100,1551196
BaselineGovernor,980,58110084
RiscZeroGovernor,928,12741945
BaselineGovernor,100,6036166
BaselineGovernor,100,6036166
BaselineGovernor,100,6036166
RiscZeroGovernor,492,6256862
RiscZeroGovernor,100,1551196
BaselineGovernor,629,37328450
RiscZeroGovernor,666,8629603
RiscZeroGovernor,496,6308865
RiscZeroGovernor,101,1562546
RiscZeroGovernor,101,1562546
BaselineGovernor,588,34901939
RiscZeroGovernor,945,13033782
BaselineGovernor,914,54201288
BaselineGovernor,577,34250957
RiscZeroGovernor,911,12451139
BaselineGovernor,631,37446821
RiscZeroGovernor,944,13018406
RiscZeroGovernor,533,6794515
BaselineGovernor,965,57221676
BaselineGovernor,152,9110654
RiscZeroGovernor,918,12569545
RiscZeroGovernor,103,1585331
BaselineGovernor,948,56214844
BaselineGovernor,100,6036166
RiscZeroGovernor,954,13191506
BaselineGovernor,527,31292139
RiscZeroGovernor,138,1984089
RiscZeroGovernor,102,1573937
BaselineGovernor,165,9879329
RiscZeroGovernor,199,2685571
RiscZeroGovernor,375,4779894
RiscZeroGovernor,176,2419964
RiscZeroGovernor,477,6062286
BaselineGovernor,849,50352230
RiscZeroGovernor,279,3622180
RiscZeroGovernor,915,12519106
BaselineGovernor,997,59116982
RiscZeroGovernor,333,4267969
BaselineGovernor,320,19045854
BaselineGovernor,105,6331777
RiscZeroGovernor,913,12483788
RiscZeroGovernor,140,2006945
RiscZeroGovernor,254,3327030
BaselineGovernor,908,53845969
RiscZeroGovernor,834,11179496
RiscZeroGovernor,147,2087064
RiscZeroGovernor,301,3883678
RiscZeroGovernor,166,2304920
BaselineGovernor,959,56866319
BaselineGovernor,102,6154411
RiscZeroGovernor,395,5026723
BaselineGovernor,101,6095289
BaselineGovernor,214,12776820
BaselineGovernor,100,6036166
BaselineGovernor,101,6095289
BaselineGovernor,103,6213532
RiscZeroGovernor,866,11699260
RiscZeroGovernor,100,1551196
RiscZeroGovernor,416,5288319
RiscZeroGovernor,102,1573937
RiscZeroGovernor,393,5001653
BaselineGovernor,940,55741054
BaselineGovernor,188,11239339
RiscZeroGovernor,514,6543866
RiscZeroGovernor,275,3574807
BaselineGovernor,876,51951008
RiscZeroGovernor,728,9538411
RiscZeroGovernor,154,2167204
BaselineGovernor,606,35967212
BaselineGovernor,157,9406297
RiscZeroGovernor,935,12861903
RiscZeroGovernor,100,1551196
BaselineGovernor,972,57636262
RiscZeroGovernor,907,12383372
BaselineGovernor,206,12303740
RiscZeroGovernor,214,2859520
RiscZeroGovernor,429,5451065
RiscZeroGovernor,100,1551196
RiscZeroGovernor,100,1551196
RiscZeroGovernor,101,1562546
BaselineGovernor,811,48102250
BaselineGovernor,217,12954225
RiscZeroGovernor,839,11260497
BaselineGovernor,910,53964409
RiscZeroGovernor,916,12536698
BaselineGovernor,833,49404848
RiscZeroGovernor,952,13157852
RiscZeroGovernor,100,1551196
BaselineGovernor,324,19282450
BaselineGovernor,146,8755890
RiscZeroGovernor,390,4964672
RiscZeroGovernor,101,1562546
RiscZeroGovernor,217,2894341
RiscZeroGovernor,231,3057630
RiscZeroGovernor,349,4461868
BaselineGovernor,674,39991929
BaselineGovernor,100,6036166
BaselineGovernor,439,26085355
RiscZeroGovernor,916,12536698
RiscZeroGovernor,103,1585331
RiscZeroGovernor,711,9285440
BaselineGovernor,936,55504161
BaselineGovernor,106,6390899
RiscZeroGovernor,496,6308865
BaselineGovernor,185,11061942
RiscZeroGovernor,555,7088810
BaselineGovernor,428,25434574
BaselineGovernor,431,25612058
BaselineGovernor,156,9347167
RiscZeroGovernor,929,12757186
BaselineGovernor,661,39222455
BaselineGovernor,103,6213532
RiscZeroGovernor,916,12536698
BaselineGovernor,905,53668311
RiscZeroGovernor,947,13069989
RiscZeroGovernor,348,4449986
RiscZeroGovernor,426,5413494
BaselineGovernor,794,47095736
BaselineGovernor,609,36144760
RiscZeroGovernor,912,12468678
BaselineGovernor,914,54201288
RiscZeroGovernor,908,12400855
BaselineGovernor,662,39281644
RiscZeroGovernor,867,11716286
BaselineGovernor,721,42774045
RiscZeroGovernor,660,8544249
BaselineGovernor,101,6095289
BaselineGovernor,101,6095289
BaselineGovernor,102,6154411
BaselineGovernor,100,6036166
RiscZeroGovernor,793,10529814
BaselineGovernor,859,50944360
BaselineGovernor,100,6036166
RiscZeroGovernor,781,10343271
RiscZeroGovernor,214,2859520
RiscZeroGovernor,836,11212661
BaselineGovernor,925,54852718
BaselineGovernor,591,35079481
RiscZeroGovernor,931,12792944
RiscZeroGovernor,100,1551196
RiscZeroGovernor,100,1551196
RiscZeroGovernor,235,3104365
BaselineGovernor,619,36736599
BaselineGovernor,188,11239339
BaselineGovernor,244,14550937
BaselineGovernor,101,6095289
RiscZeroGovernor,914,12501439
RiscZeroGovernor,282,3657660
RiscZeroGovernor,382,4865903
BaselineGovernor,926,54911939
RiscZeroGovernor,631,8132859
RiscZeroGovernor,102,1573937
RiscZeroGovernor,506,6438991
BaselineGovernor,906,53727529
RiscZeroGovernor,819,10940381
RiscZeroGovernor,101,1562546
BaselineGovernor,472,28037789
RiscZeroGovernor,284,3681486
RiscZeroGovernor,100,1551196
RiscZeroGovernor,101,1562546
RiscZeroGovernor,520,6623196
RiscZeroGovernor,307,3955586
BaselineGovernor,845,50115384
RiscZeroGovernor,476,6049917
BaselineGovernor,955,56629417
BaselineGovernor,101,6095289
RiscZeroGovernor,941,12964331
BaselineGovernor,102,6154411
BaselineGovernor,100,6036166
BaselineGovernor,100,6036166
RiscZeroGovernor,865,11682246
BaselineGovernor,783,46444480
RiscZeroGovernor,866,11699260
RiscZeroGovernor,384,4890757
RiscZeroGovernor,101,1562546
BaselineGovernor,927,54971161
RiscZeroGovernor,248,3256621
RiscZeroGovernor,662,8572245
BaselineGovernor,648,38453000
BaselineGovernor,138,8282875
BaselineGovernor,189,11298471
RiscZeroGovernor,923,12655628
BaselineGovernor,528,31351313
RiscZeroGovernor,782,10359246
BaselineGovernor,910,53964409
BaselineGovernor,368,21885110
RiscZeroGovernor,906,12365812
RiscZeroGovernor,269,3503705
BaselineGovernor,914,54201288
RiscZeroGovernor,949,13103437
BaselineGovernor,707,41945302
RiscZeroGovernor,652,8430090
RiscZeroGovernor,278,3610244
BaselineGovernor,353,20997813
BaselineGovernor,614,36440679
BaselineGovernor,127,7632494
RiscZeroGovernor,921,12620089
BaselineGovernor,102,6154411
RiscZeroGovernor,395,5026723
RiscZeroGovernor,126,1847104
RiscZeroGovernor,399,5076345
BaselineGovernor,644,38216249
RiscZeroGovernor,454,5767802
BaselineGovernor,454,26972810
RiscZeroGovernor,915,12519106
BaselineGovernor,915,54260509
RiscZeroGovernor,982,13686713
BaselineGovernor,982,58228542
RiscZeroGovernor,845,11356279
BaselineGovernor,845,50115384
RiscZeroGovernor,908,12400855
BaselineGovernor,908,53845969
RiscZeroGovernor,940,12948988
BaselineGovernor,940,55741054
RiscZeroGovernor,924,12673329
RiscZeroGovernor,329,4219681
BaselineGovernor,924,54793495
BaselineGovernor,329,19578194
RiscZeroGovernor,813,10844160
BaselineGovernor,813,48220666
RiscZeroGovernor,907,12383372
BaselineGovernor,907,53786749
RiscZeroGovernor,918,12569545
BaselineGovernor,918,54438170
RiscZeroGovernor,982,13686713
RiscZeroGovernor,878,11897227
BaselineGovernor,982,58228542
RiscZeroGovernor,749,9853179
BaselineGovernor,878,52069439
RiscZeroGovernor,777,10281426
BaselineGovernor,749,44431604
RiscZeroGovernor,999,13993183
BaselineGovernor,777,46089257
RiscZeroGovernor,558,7128892
RiscZeroGovernor,223,2964315
RiscZeroGovernor,100,1551196
BaselineGovernor,999,59235442
RiscZeroGovernor,726,9507777
BaselineGovernor,558,33126572
BaselineGovernor,223,13309042
BaselineGovernor,100,6036166
RiscZeroGovernor,954,13191506
RiscZeroGovernor,482,6127000
RiscZeroGovernor,100,1551196
BaselineGovernor,726,43070032
RiscZeroGovernor,842,11308339
RiscZeroGovernor,489,6217387
BaselineGovernor,954,56570192
RiscZeroGovernor,588,7536642
BaselineGovernor,482,28629463
BaselineGovernor,100,6036166
RiscZeroGovernor,943,13000425
RiscZeroGovernor,245,3221298
BaselineGovernor,842,49937747
BaselineGovernor,489,29043641
RiscZeroGovernor,965,13384109
BaselineGovernor,588,34901939
RiscZeroGovernor,409,5200485
RiscZeroGovernor,367,4681749
RiscZeroGovernor,395,5026723
RiscZeroGovernor,500,6360977
BaselineGovernor,943,55918724
BaselineGovernor,245,14610076
RiscZeroGovernor,580,7427337
RiscZeroGovernor,101,1562546
RiscZeroGovernor,736,9658287
RiscZeroGovernor,167,2316458
BaselineGovernor,965,57221676
BaselineGovernor,409,24310529
RiscZeroGovernor,713,9314192
RiscZeroGovernor,240,3162847
BaselineGovernor,367,21825957
BaselineGovernor,395,23482315
RiscZeroGovernor,918,12569545
BaselineGovernor,500,29694505
RiscZeroGovernor,295,3812302
RiscZeroGovernor,176,2419964
RiscZeroGovernor,100,1551196
BaselineGovernor,580,34428498
BaselineGovernor,101,6095289
RiscZeroGovernor,766,10112691
RiscZeroGovernor,113,1698981
BaselineGovernor,736,43662011
BaselineGovernor,167,9997587
RiscZeroGovernor,996,13939636
RiscZeroGovernor,123,1812939
BaselineGovernor,713,42300474
BaselineGovernor,240,14314380
RiscZeroGovernor,943,13000425
BaselineGovernor,918,54438170
RiscZeroGovernor,809,10780943
BaselineGovernor,295,17567185
BaselineGovernor,176,10529760
BaselineGovernor,100,6036166
RiscZeroGovernor,925,12688539
BaselineGovernor,766,45438025
BaselineGovernor,113,6804758
RiscZeroGovernor,986,13758294
RiscZeroGovernor,267,3480250
RiscZeroGovernor,102,1573937
RiscZeroGovernor,111,1676290
RiscZeroGovernor,102,1573937
BaselineGovernor,996,59057751
BaselineGovernor,123,7395997
RiscZeroGovernor,567,7250606
RiscZeroGovernor,191,2593034
RiscZeroGovernor,188,2558348
BaselineGovernor,943,55918724
RiscZeroGovernor,950,13121589
BaselineGovernor,809,47983835
RiscZeroGovernor,919,12587268
RiscZeroGovernor,167,2316458
RiscZeroGovernor,478,6075375
BaselineGovernor,925,54852718
RiscZeroGovernor,445,5653221
RiscZeroGovernor,103,1585331
BaselineGovernor,986,58465455
RiscZeroGovernor,932,12810758
BaselineGovernor,267,15911167
BaselineGovernor,102,6154411
BaselineGovernor,111,6686512
BaselineGovernor,102,6154411
RiscZeroGovernor,787,10437342
RiscZeroGovernor,469,5959409
BaselineGovernor,567,33659170
RiscZeroGovernor,203,2731909
BaselineGovernor,191,11416736
RiscZeroGovernor,248,3256621
RiscZeroGovernor,123,1812939
BaselineGovernor,188,11239339
RiscZeroGovernor,360,4596181
RiscZeroGovernor,773,10219752
BaselineGovernor,950,56333293
RiscZeroGovernor,818,10923958
RiscZeroGovernor,426,5413494
BaselineGovernor,919,54497390
RiscZeroGovernor,358,4571602
BaselineGovernor,167,9997587
RiscZeroGovernor,298,3847972
BaselineGovernor,478,28392792
BaselineGovernor,445,26440334
RiscZeroGovernor,911,12451139
BaselineGovernor,103,6213532
RiscZeroGovernor,856,11536641
RiscZeroGovernor,100,1551196
RiscZeroGovernor,205,2754982
BaselineGovernor,932,55267271
BaselineGovernor,787,46681300
RiscZeroGovernor,989,13811358
BaselineGovernor,469,27860291
BaselineGovernor,203,12126336
BaselineGovernor,248,14787493
RiscZeroGovernor,915,12519106
BaselineGovernor,123,7395997
RiscZeroGovernor,100,1551196
BaselineGovernor,360,21411882
RiscZeroGovernor,915,12519106
BaselineGovernor,773,45852444
RiscZeroGovernor,987,13776984
BaselineGovernor,818,48516706
BaselineGovernor,426,25316251
RiscZeroGovernor,726,9507777
RiscZeroGovernor,454,5767802
BaselineGovernor,454,26972810
RiscZeroGovernor,915,12519106
BaselineGovernor,915,54260509
RiscZeroGovernor,982,13686713
BaselineGovernor,982,58228542
RiscZeroGovernor,845,11356279
BaselineGovernor,845,50115384
RiscZeroGovernor,908,12400855
BaselineGovernor,908,53845969
RiscZeroGovernor,940,12948988
BaselineGovernor,940,55741054
RiscZeroGovernor,924,12673329
RiscZeroGovernor,329,4219681
BaselineGovernor,924,54793495
BaselineGovernor,329,19578194
RiscZeroGovernor,813,10844160
BaselineGovernor,813,48220666
RiscZeroGovernor,907,12383372
BaselineGovernor,907,53786749
RiscZeroGovernor,918,12569545
BaselineGovernor,918,54438170
RiscZeroGovernor,982,13686713
RiscZeroGovernor,878,11897227
BaselineGovernor,982,58228542
RiscZeroGovernor,749,9853179
BaselineGovernor,878,52069439
RiscZeroGovernor,777,10281426
BaselineGovernor,749,44431604
RiscZeroGovernor,999,13993183
BaselineGovernor,777,46089257
RiscZeroGovernor,558,7128892
RiscZeroGovernor,223,2964315
RiscZeroGovernor,100,1551196
BaselineGovernor,999,59235442
RiscZeroGovernor,726,9507777
BaselineGovernor,558,33126572
BaselineGovernor,223,13309042
BaselineGovernor,100,6036166
RiscZeroGovernor,954,13191506
RiscZeroGovernor,482,6127000
RiscZeroGovernor,100,1551196
BaselineGovernor,726,43070032
RiscZeroGovernor,842,11308339
RiscZeroGovernor,489,6217387
BaselineGovernor,954,56570192
RiscZeroGovernor,588,7536642
BaselineGovernor,482,28629463
BaselineGovernor,100,6036166
RiscZeroGovernor,943,13000425
RiscZeroGovernor,245,3221298
BaselineGovernor,842,49937747
BaselineGovernor,489,29043641
RiscZeroGovernor,965,13384109
BaselineGovernor,588,34901939
RiscZeroGovernor,409,5200485
RiscZeroGovernor,367,4681749
RiscZeroGovernor,395,5026723
BaselineGovernor,943,55918724
RiscZeroGovernor,500,6360977
BaselineGovernor,245,14610076
RiscZeroGovernor,580,7427337
RiscZeroGovernor,101,1562546
RiscZeroGovernor,736,9658287
RiscZeroGovernor,167,2316458
BaselineGovernor,965,57221676
BaselineGovernor,409,24310529
RiscZeroGovernor,713,9314192
RiscZeroGovernor,240,3162847
BaselineGovernor,367,21825957
BaselineGovernor,395,23482315
RiscZeroGovernor,918,12569545
BaselineGovernor,500,29694505
RiscZeroGovernor,295,3812302
RiscZeroGovernor,176,2419964
RiscZeroGovernor,100,1551196
BaselineGovernor,580,34428498
BaselineGovernor,101,6095289
RiscZeroGovernor,766,10112691
RiscZeroGovernor,113,1698981
BaselineGovernor,736,43662011
BaselineGovernor,167,9997587
RiscZeroGovernor,996,13939636
RiscZeroGovernor,123,1812939
BaselineGovernor,713,42300474
BaselineGovernor,240,14314380
RiscZeroGovernor,943,13000425
BaselineGovernor,918,54438170
RiscZeroGovernor,809,10780943
BaselineGovernor,295,17567185
BaselineGovernor,176,10529760
BaselineGovernor,100,6036166
RiscZeroGovernor,925,12688539
BaselineGovernor,766,45438025
BaselineGovernor,113,6804758
RiscZeroGovernor,986,13758294
RiscZeroGovernor,267,3480250
RiscZeroGovernor,102,1573937
RiscZeroGovernor,111,1676290
RiscZeroGovernor,102,1573937
BaselineGovernor,996,59057751
BaselineGovernor,123,7395997
RiscZeroGovernor,567,7250606
RiscZeroGovernor,191,2593034
RiscZeroGovernor,188,2558348
BaselineGovernor,943,55918724
RiscZeroGovernor,950,13121589
BaselineGovernor,809,47983835
RiscZeroGovernor,919,12587268
RiscZeroGovernor,167,2316458
RiscZeroGovernor,478,6075375
BaselineGovernor,925,54852718
RiscZeroGovernor,445,5653221
RiscZeroGovernor,103,1585331
BaselineGovernor,986,58465455
RiscZeroGovernor,932,12810758
BaselineGovernor,267,15911167
BaselineGovernor,102,6154411
BaselineGovernor,111,6686512
BaselineGovernor,102,6154411
RiscZeroGovernor,787,10437342
BaselineGovernor,567,33659170
RiscZeroGovernor,469,5959409
RiscZeroGovernor,203,2731909
BaselineGovernor,191,11416736
RiscZeroGovernor,248,3256621
RiscZeroGovernor,123,1812939
BaselineGovernor,188,11239339
RiscZeroGovernor,360,4596181
RiscZeroGovernor,773,10219752
BaselineGovernor,950,56333293
RiscZeroGovernor,818,10923958
RiscZeroGovernor,426,5413494
BaselineGovernor,919,54497390
BaselineGovernor,167,9997587
RiscZeroGovernor,358,4571602
RiscZeroGovernor,298,3847972
BaselineGovernor,478,28392792
BaselineGovernor,445,26440334
BaselineGovernor,103,6213532
RiscZeroGovernor,911,12451139
RiscZeroGovernor,856,11536641
RiscZeroGovernor,100,1551196
BaselineGovernor,932,55267271
RiscZeroGovernor,205,2754982
BaselineGovernor,787,46681300
RiscZeroGovernor,989,13811358
BaselineGovernor,469,27860291
BaselineGovernor,203,12126336
BaselineGovernor,248,14787493
BaselineGovernor,123,7395997
RiscZeroGovernor,915,12519106
RiscZeroGovernor,100,1551196
BaselineGovernor,360,21411882
RiscZeroGovernor,915,12519106
BaselineGovernor,773,45852444
RiscZeroGovernor,987,13776984
BaselineGovernor,818,48516706
BaselineGovernor,426,25316251
RiscZeroGovernor,726,9507777
BaselineGovernor,358,21293577
RiscZeroGovernor,565,7223024
BaselineGovernor,298,17744622
RiscZeroGovernor,486,6178729
RiscZeroGovernor,309,3979329
RiscZeroGovernor,436,5539748
RiscZeroGovernor,303,3907757
BaselineGovernor,911,54023627
RiscZeroGovernor,427,5426234
BaselineGovernor,856,50766719
BaselineGovernor,100,6036166
RiscZeroGovernor,921,12620089
BaselineGovernor,205,12244606
RiscZeroGovernor,365,4657010
RiscZeroGovernor,247,3244897
RiscZeroGovernor,401,5100893
RiscZeroGovernor,383,4878369
BaselineGovernor,989,58643143
RiscZeroGovernor,587,7522749
RiscZeroGovernor,334,4280163
BaselineGovernor,915,54260509
BaselineGovernor,100,6036166
RiscZeroGovernor,917,12551840
RiscZeroGovernor,185,2523645
BaselineGovernor,915,54260509
RiscZeroGovernor,990,13830088
RiscZeroGovernor,157,2201559
RiscZeroGovernor,231,3057630
BaselineGovernor,987,58524685
RiscZeroGovernor,866,11699260
BaselineGovernor,726,43070032
BaselineGovernor,565,33540814
RiscZeroGovernor,916,12536698
RiscZeroGovernor,192,2604563
RiscZeroGovernor,270,3515599
RiscZeroGovernor,124,1824291
RiscZeroGovernor,103,1585331
BaselineGovernor,486,28866136
RiscZeroGovernor,495,6295725
BaselineGovernor,309,18395231
RiscZeroGovernor,444,5640988
BaselineGovernor,436,25907868
BaselineGovernor,303,18040352
RiscZeroGovernor,757,9974713
RiscZeroGovernor,100,1551196
RiscZeroGovernor,100,1551196
BaselineGovernor,427,25375413
RiscZeroGovernor,397,5051231
RiscZeroGovernor,629,8104120
BaselineGovernor,921,54615831
BaselineGovernor,365,21707650
RiscZeroGovernor,911,12451139
RiscZeroGovernor,127,1858545
BaselineGovernor,247,14728353
BaselineGovernor,401,23837261
BaselineGovernor,383,22772435
RiscZeroGovernor,921,12620089
RiscZeroGovernor,103,1585331
RiscZeroGovernor,595,7632494
BaselineGovernor,587,34842758
RiscZeroGovernor,180,2466049
RiscZeroGovernor,157,2201559
BaselineGovernor,334,19873942
RiscZeroGovernor,910,12433527
BaselineGovernor,917,54378950
BaselineGovernor,185,11061942
RiscZeroGovernor,919,12587268
RiscZeroGovernor,643,8302084
BaselineGovernor,990,58702372
BaselineGovernor,157,9406297
RiscZeroGovernor,400,5088831
BaselineGovernor,231,13782139
RiscZeroGovernor,931,12792944
RiscZeroGovernor,101,1562546
RiscZeroGovernor,102,1573937
BaselineGovernor,866,51358857
RiscZeroGovernor,927,12724186
BaselineGovernor,916,54319728
BaselineGovernor,192,11475868
RiscZeroGovernor,662,8572245
RiscZeroGovernor,107,1630797
BaselineGovernor,270,16088594
BaselineGovernor,124,7455121
RiscZeroGovernor,306,3943524
BaselineGovernor,103,6213532
RiscZeroGovernor,630,8118484
BaselineGovernor,495,29398655
BaselineGovernor,444,26381171
RiscZeroGovernor,876,11865239
BaselineGovernor,757,44905210
BaselineGovernor,100,6036166
BaselineGovernor,100,6036166
RiscZeroGovernor,879,11914411
BaselineGovernor,397,23600631
RiscZeroGovernor,786,10421305
BaselineGovernor,629,37328450
RiscZeroGovernor,520,6623196
RiscZeroGovernor,689,8961853
BaselineGovernor,911,54023627
RiscZeroGovernor,366,4669376
BaselineGovernor,127,7632494
RiscZeroGovernor,567,7250606
RiscZeroGovernor,469,5959409
RiscZeroGovernor,100,1551196
RiscZeroGovernor,196,2650821
BaselineGovernor,921,54615831
BaselineGovernor,103,6213532
BaselineGovernor,595,35316206
RiscZeroGovernor,993,13883304
BaselineGovernor,180,10766284
BaselineGovernor,157,9406297
RiscZeroGovernor,754,9929518
BaselineGovernor,910,53964409
RiscZeroGovernor,821,10971120
BaselineGovernor,919,54497390
RiscZeroGovernor,911,12451139
RiscZeroGovernor,215,2871205
BaselineGovernor,643,38157062
RiscZeroGovernor,513,6530505
RiscZeroGovernor,175,2408484
RiscZeroGovernor,188,2558348
RiscZeroGovernor,185,2523645
BaselineGovernor,400,23778102
RiscZeroGovernor,747,9823794
BaselineGovernor,931,55208048
BaselineGovernor,101,6095289
BaselineGovernor,102,6154411
RiscZeroGovernor,861,11616684
RiscZeroGovernor,705,9196137
RiscZeroGovernor,204,2743474
BaselineGovernor,927,54971161
RiscZeroGovernor,588,7536642
BaselineGovernor,662,39281644
BaselineGovernor,107,6450021
RiscZeroGovernor,690,8976812
BaselineGovernor,306,18217790
RiscZeroGovernor,666,8629603
BaselineGovernor,630,37387636
RiscZeroGovernor,705,9196137
RiscZeroGovernor,101,1562546
BaselineGovernor,876,51951008
RiscZeroGovernor,948,13088026
BaselineGovernor,879,52128655
RiscZeroGovernor,686,8918576
BaselineGovernor,786,46622095
RiscZeroGovernor,952,13157852
BaselineGovernor,520,30877929
RiscZeroGovernor,645,8329725
RiscZeroGovernor,101,1562546
BaselineGovernor,689,40879809
RiscZeroGovernor,679,8817395
BaselineGovernor,366,21766803
RiscZeroGovernor,423,5375974
RiscZeroGovernor,509,6478044
BaselineGovernor,567,33659170
BaselineGovernor,469,27860291
BaselineGovernor,100,6036166
RiscZeroGovernor,929,12757186
BaselineGovernor,196,11712401
RiscZeroGovernor,560,7156271
BaselineGovernor,993,58880061
RiscZeroGovernor,990,13830088
RiscZeroGovernor,210,2813054
BaselineGovernor,754,44727607
RiscZeroGovernor,638,8231086
BaselineGovernor,821,48694333
RiscZeroGovernor,955,13209731
BaselineGovernor,911,54023627
BaselineGovernor,215,12835954
RiscZeroGovernor,985,13739622
RiscZeroGovernor,103,1585331
BaselineGovernor,513,30463725
BaselineGovernor,175,10470629
RiscZeroGovernor,804,10703626
BaselineGovernor,188,11239339
BaselineGovernor,185,11061942
RiscZeroGovernor,496,6308865
RiscZeroGovernor,370,4718383
RiscZeroGovernor,320,4111531
BaselineGovernor,747,44313203
RiscZeroGovernor,582,7454132
RiscZeroGovernor,132,1915555
BaselineGovernor,861,51062788
RiscZeroGovernor,973,13525687
RiscZeroGovernor,161,2247453
BaselineGovernor,705,41826911
BaselineGovernor,204,12185470
RiscZeroGovernor,711,9285440
RiscZeroGovernor,100,1551196
BaselineGovernor,588,34901939
RiscZeroGovernor,947,13069989
RiscZeroGovernor,141,2018344
BaselineGovernor,690,40939002
BaselineGovernor,666,39518404
RiscZeroGovernor,976,13581136
RiscZeroGovernor,100,1551196
RiscZeroGovernor,249,3268221
BaselineGovernor,705,41826911
BaselineGovernor,101,6095289
RiscZeroGovernor,796,10578121
RiscZeroGovernor,761,10035724
BaselineGovernor,948,56214844
RiscZeroGovernor,102,1573937
BaselineGovernor,686,40702232
RiscZeroGovernor,843,11325062
RiscZeroGovernor,100,1551196
BaselineGovernor,952,56451741
RiscZeroGovernor,914,12501439
BaselineGovernor,645,38275437
BaselineGovernor,101,6095289
RiscZeroGovernor,906,12365812
RiscZeroGovernor,188,2558348
RiscZeroGovernor,373,4755061
BaselineGovernor,679,40287885
BaselineGovernor,423,25138768
RiscZeroGovernor,914,12501439
BaselineGovernor,509,30227040
RiscZeroGovernor,905,12348270
BaselineGovernor,929,55089604
RiscZeroGovernor,907,12383372
BaselineGovernor,560,33244925
RiscZeroGovernor,518,6596471
RiscZeroGovernor,769,10158243
BaselineGovernor,990,58702372
RiscZeroGovernor,344,4401409
BaselineGovernor,210,12540278
RiscZeroGovernor,100,1551196
RiscZeroGovernor,662,8572245
BaselineGovernor,638,37861126
RiscZeroGovernor,914,12501439
BaselineGovernor,955,56629417
RiscZeroGovernor,440,5590319
RiscZeroGovernor,900,12265795
BaselineGovernor,985,58406226
BaselineGovernor,103,6213532
RiscZeroGovernor,907,12383372
RiscZeroGovernor,101,1562546
BaselineGovernor,804,47687799
RiscZeroGovernor,661,8557571
BaselineGovernor,496,29457824
RiscZeroGovernor,490,6230565
BaselineGovernor,370,22003419
BaselineGovernor,320,19045854
RiscZeroGovernor,955,13209731
BaselineGovernor,582,34546857
BaselineGovernor,132,7928121
RiscZeroGovernor,924,12673329
BaselineGovernor,973,57695491
RiscZeroGovernor,465,5908125
RiscZeroGovernor,102,1573937
BaselineGovernor,161,9642811
BaselineGovernor,711,42182082
RiscZeroGovernor,937,12895080
BaselineGovernor,100,6036166
RiscZeroGovernor,653,8443366
RiscZeroGovernor,159,2224588
RiscZeroGovernor,213,2847839
BaselineGovernor,947,56155620
BaselineGovernor,141,8460256
RiscZeroGovernor,947,13069989
RiscZeroGovernor,283,3669614
RiscZeroGovernor,268,3492055
RiscZeroGovernor,102,1573937
BaselineGovernor,976,57873172
BaselineGovernor,100,6036166
BaselineGovernor,249,14846633
RiscZeroGovernor,958,13261627
RiscZeroGovernor,103,1585331
BaselineGovernor,796,47214148
RiscZeroGovernor,726,9507777
RiscZeroGovernor,290,3752687
RiscZeroGovernor,360,4596181
BaselineGovernor,761,45142015
BaselineGovernor,102,6154411
RiscZeroGovernor,948,13088026
BaselineGovernor,843,49996959
RiscZeroGovernor,235,3104365
BaselineGovernor,100,6036166
RiscZeroGovernor,952,13157852
BaselineGovernor,914,54201288
RiscZeroGovernor,103,1585331
RiscZeroGovernor,558,7128892
BaselineGovernor,906,53727529
RiscZeroGovernor,761,10035724
BaselineGovernor,188,11239339
BaselineGovernor,373,22180883
RiscZeroGovernor,937,12895080
RiscZeroGovernor,217,2894341
BaselineGovernor,914,54201288
RiscZeroGovernor,835,11196115
BaselineGovernor,905,53668311
RiscZeroGovernor,881,11946372
RiscZeroGovernor,464,5895809
RiscZeroGovernor,100,1551196
BaselineGovernor,907,53786749
BaselineGovernor,518,30759586
RiscZeroGovernor,952,13157852
BaselineGovernor,769,45615632
RiscZeroGovernor,746,9808218
BaselineGovernor,344,20465447
BaselineGovernor,100,6036166
RiscZeroGovernor,915,12519106
BaselineGovernor,662,39281644
RiscZeroGovernor,586,7508776
BaselineGovernor,914,54201288
RiscZeroGovernor,914,12501439
BaselineGovernor,440,26144517
RiscZeroGovernor,915,12519106
RiscZeroGovernor,252,3303591
BaselineGovernor,900,53372217
RiscZeroGovernor,913,12483788
RiscZeroGovernor,103,1585331
BaselineGovernor,907,53786749
BaselineGovernor,101,6095289
RiscZeroGovernor,909,12415933
BaselineGovernor,661,39222455
BaselineGovernor,490,29102810
RiscZeroGovernor,790,10483533
RiscZeroGovernor,408,5188394
RiscZeroGovernor,500,6360977
RiscZeroGovernor,139,1995558
BaselineGovernor,955,56629417
RiscZeroGovernor,654,8457960
RiscZeroGovernor,207,2778293
RiscZeroGovernor,252,3303591
RiscZeroGovernor,178,2442986
RiscZeroGovernor,101,1562546
BaselineGovernor,924,54793495
BaselineGovernor,465,27623626
BaselineGovernor,102,6154411
RiscZeroGovernor,961,13313632
BaselineGovernor,937,55563384
RiscZeroGovernor,923,12655628
RiscZeroGovernor,366,4669376
RiscZeroGovernor,100,1551196
BaselineGovernor,653,38748942
BaselineGovernor,159,9524554
BaselineGovernor,213,12717684
RiscZeroGovernor,984,13723899
BaselineGovernor,947,56155620
BaselineGovernor,283,16857452
RiscZeroGovernor,944,13018406
RiscZeroGovernor,103,1585331
BaselineGovernor,268,15970309
BaselineGovernor,102,6154411
RiscZeroGovernor,840,11277093
RiscZeroGovernor,100,1551196
BaselineGovernor,958,56807094
BaselineGovernor,103,6213532
RiscZeroGovernor,913,12483788
RiscZeroGovernor,370,4718383
RiscZeroGovernor,229,3034151
BaselineGovernor,726,43070032
RiscZeroGovernor,309,3979329
BaselineGovernor,290,17271461
BaselineGovernor,360,21411882
RiscZeroGovernor,984,13723899
RiscZeroGovernor,479,6088473
BaselineGovernor,948,56214844
RiscZeroGovernor,324,4159661
RiscZeroGovernor,260,3397705
RiscZeroGovernor,101,1562546
BaselineGovernor,235,14018689
RiscZeroGovernor,450,5716895
BaselineGovernor,952,56451741
RiscZeroGovernor,824,11020444
RiscZeroGovernor,117,1744513
BaselineGovernor,103,6213532
RiscZeroGovernor,102,1573937
BaselineGovernor,558,33126572
RiscZeroGovernor,989,13811358
BaselineGovernor,761,45142015
RiscZeroGovernor,962,13331955
RiscZeroGovernor,434,5514243
BaselineGovernor,937,55563384
RiscZeroGovernor,359,4583932
BaselineGovernor,217,12954225
RiscZeroGovernor,663,8586933
BaselineGovernor,835,49523270
RiscZeroGovernor,925,12688539
RiscZeroGovernor,462,5869919
BaselineGovernor,881,52247087
RiscZeroGovernor,107,1630797
RiscZeroGovernor,555,7088810
BaselineGovernor,464,27564460
BaselineGovernor,100,6036166
RiscZeroGovernor,933,12826033
BaselineGovernor,952,56451741
RiscZeroGovernor,662,8572245
BaselineGovernor,746,44254004
RiscZeroGovernor,905,12348270
RiscZeroGovernor,465,5908125
BaselineGovernor,915,54260509
BaselineGovernor,586,34783577
RiscZeroGovernor,937,12895080
RiscZeroGovernor,175,2408484
RiscZeroGovernor,102,1573937
RiscZeroGovernor,102,1573937
RiscZeroGovernor,346,4425535
RiscZeroGovernor,352,4498640
BaselineGovernor,914,54201288
RiscZeroGovernor,814,10860518
RiscZeroGovernor,100,1551196
BaselineGovernor,915,54260509
RiscZeroGovernor,531,6768467
RiscZeroGovernor,319,4099490
BaselineGovernor,252,15024053
RiscZeroGovernor,179,2454557
RiscZeroGovernor,651,8415599
BaselineGovernor,913,54142067
BaselineGovernor,103,6213532
RiscZeroGovernor,663,8586933
RiscZeroGovernor,271,3527497
RiscZeroGovernor,103,1585331
RiscZeroGovernor,100,1551196
RiscZeroGovernor,100,1551196
BaselineGovernor,909,53905189
RiscZeroGovernor,929,12757186
RiscZeroGovernor,100,1551196
RiscZeroGovernor,103,1585331
RiscZeroGovernor,103,1585331
RiscZeroGovernor,172,2373921
RiscZeroGovernor,166,2304920
RiscZeroGovernor,102,1573937
BaselineGovernor,790,46858915
RiscZeroGovernor,102,1573937
RiscZeroGovernor,102,1573937
RiscZeroGovernor,426,5413494
BaselineGovernor,408,24251370
RiscZeroGovernor,460,5844643
BaselineGovernor,500,29694505
BaselineGovernor,139,8342002
RiscZeroGovernor,888,12064655
BaselineGovernor,654,38808131
RiscZeroGovernor,429,5451065
RiscZeroGovernor,102,1573937
BaselineGovernor,207,12362873
BaselineGovernor,252,15024053
RiscZeroGovernor,660,8544249
BaselineGovernor,178,10648022
RiscZeroGovernor,101,1562546
BaselineGovernor,101,6095289
RiscZeroGovernor,325,4171468
RiscZeroGovernor,276,3586646
BaselineGovernor,961,56984770
RiscZeroGovernor,956,13227883
BaselineGovernor,923,54734275
RiscZeroGovernor,965,13384109
RiscZeroGovernor,103,1585331
BaselineGovernor,366,21766803
BaselineGovernor,100,6036166
RiscZeroGovernor,914,12501439
RiscZeroGovernor,100,1551196
RiscZeroGovernor,395,5026723
BaselineGovernor,984,58346997
RiscZeroGovernor,986,13758294
BaselineGovernor,944,55977948
RiscZeroGovernor,100,1551196
BaselineGovernor,103,6213532
RiscZeroGovernor,868,11733238
BaselineGovernor,840,49819324
BaselineGovernor,100,6036166
RiscZeroGovernor,845,11356279
BaselineGovernor,913,54142067
RiscZeroGovernor,676,8774292
BaselineGovernor,370,22003419RiscZeroGovernor,330,4231854

BaselineGovernor,229,13663865
RiscZeroGovernor,427,5426234
BaselineGovernor,309,18395231
RiscZeroGovernor,662,8572245
RiscZeroGovernor,768,10144224
BaselineGovernor,984,58346997
RiscZeroGovernor,259,3385933
RiscZeroGovernor,240,3162847
RiscZeroGovernor,100,1551196
BaselineGovernor,479,28451959
BaselineGovernor,324,19282450
RiscZeroGovernor,810,10797253
BaselineGovernor,260,15497178
BaselineGovernor,101,6095289
BaselineGovernor,450,26736152
RiscZeroGovernor,929,12757186
RiscZeroGovernor,102,1573937
BaselineGovernor,824,48871960
RiscZeroGovernor,739,9703050
BaselineGovernor,117,7041252
BaselineGovernor,102,6154411
RiscZeroGovernor,689,8961853
RiscZeroGovernor,101,1562546
BaselineGovernor,989,58643143
RiscZeroGovernor,664,8601542
RiscZeroGovernor,108,1642119
RiscZeroGovernor,692,9006679
BaselineGovernor,962,57043996
RiscZeroGovernor,486,6178729
RiscZeroGovernor,101,1562546
RiscZeroGovernor,214,2859520
BaselineGovernor,434,25789544
RiscZeroGovernor,426,5413494
BaselineGovernor,359,21352729
RiscZeroGovernor,761,10035724
RiscZeroGovernor,356,4547370
RiscZeroGovernor,102,1573937
BaselineGovernor,663,39340833
RiscZeroGovernor,767,10128495
BaselineGovernor,925,54852718
RiscZeroGovernor,481,6113880
RiscZeroGovernor,126,1847104
BaselineGovernor,462,27446130
BaselineGovernor,107,6450021
RiscZeroGovernor,785,10405282
BaselineGovernor,555,32949041
RiscZeroGovernor,852,11471481
RiscZeroGovernor,100,1551196
RiscZeroGovernor,439,5577579
BaselineGovernor,933,55326494
RiscZeroGovernor,907,12383372
BaselineGovernor,662,39281644
RiscZeroGovernor,874,11831049
BaselineGovernor,905,53668311
BaselineGovernor,465,27623626
RiscZeroGovernor,926,12706354
RiscZeroGovernor,362,4620448
BaselineGovernor,937,55563384
BaselineGovernor,175,10470629
RiscZeroGovernor,746,9808218
BaselineGovernor,102,6154411
BaselineGovernor,102,6154411
BaselineGovernor,346,20583750
RiscZeroGovernor,920,12604914
BaselineGovernor,352,20938660
RiscZeroGovernor,346,4425535
BaselineGovernor,814,48279874
BaselineGovernor,100,6036166
RiscZeroGovernor,911,12451139
RiscZeroGovernor,153,2155700
RiscZeroGovernor,158,2213072
BaselineGovernor,531,31528835
BaselineGovernor,319,18986707
BaselineGovernor,179,10707153
RiscZeroGovernor,949,13103437
BaselineGovernor,651,38630564
RiscZeroGovernor,946,13051877
BaselineGovernor,663,39340833
BaselineGovernor,271,16147734
BaselineGovernor,103,6213532
BaselineGovernor,100,6036166
BaselineGovernor,100,6036166
RiscZeroGovernor,994,13902096
RiscZeroGovernor,243,3197997
RiscZeroGovernor,358,4571602
BaselineGovernor,929,55089604
BaselineGovernor,100,6036166
BaselineGovernor,103,6213532
BaselineGovernor,103,6213532
RiscZeroGovernor,948,13088026
BaselineGovernor,172,10293238
BaselineGovernor,166,9938458
BaselineGovernor,102,6154411
BaselineGovernor,102,6154411
BaselineGovernor,102,6154411
BaselineGovernor,426,25316251
RiscZeroGovernor,957,13243361
RiscZeroGovernor,100,1551196
BaselineGovernor,460,27327798
RiscZeroGovernor,862,11633645
BaselineGovernor,888,52661603
RiscZeroGovernor,806,10734163
RiscZeroGovernor,329,4219681
BaselineGovernor,429,25493736
BaselineGovernor,102,6154411
RiscZeroGovernor,760,10021761
BaselineGovernor,660,39163264
RiscZeroGovernor,360,4596181
BaselineGovernor,101,6095289
RiscZeroGovernor,228,3022594
BaselineGovernor,325,19341598
RiscZeroGovernor,510,6491373
BaselineGovernor,276,16443448
RiscZeroGovernor,907,12383372
BaselineGovernor,956,56688643
RiscZeroGovernor,922,12637850
RiscZeroGovernor,402,5113473
BaselineGovernor,965,57221676
RiscZeroGovernor,212,2836317
BaselineGovernor,103,6213532
RiscZeroGovernor,956,13227883
BaselineGovernor,914,54201288
BaselineGovernor,100,6036166
RiscZeroGovernor,359,4583932
RiscZeroGovernor,242,3186212
BaselineGovernor,395,23482315
RiscZeroGovernor,682,8860487
RiscZeroGovernor,567,7250606
RiscZeroGovernor,100,1551196
BaselineGovernor,986,58465455
BaselineGovernor,100,6036166
RiscZeroGovernor,454,5767802
RiscZeroGovernor,134,1938396
RiscZeroGovernor,802,10671247
RiscZeroGovernor,101,1562546
BaselineGovernor,868,51477286
RiscZeroGovernor,484,6153176
BaselineGovernor,845,50115384
RiscZeroGovernor,941,12964331
RiscZeroGovernor,181,2477511
BaselineGovernor,676,40110311
RiscZeroGovernor,495,6295725
RiscZeroGovernor,207,2778293
BaselineGovernor,330,19637343
RiscZeroGovernor,253,3315202
BaselineGovernor,427,25375413
RiscZeroGovernor,501,6373453
RiscZeroGovernor,268,3492055
RiscZeroGovernor,486,6178729
BaselineGovernor,662,39281644
RiscZeroGovernor,323,4147599
RiscZeroGovernor,792,10515626
BaselineGovernor,768,45556429
RiscZeroGovernor,108,1642119
BaselineGovernor,259,15438036
RiscZeroGovernor,440,5590319
BaselineGovernor,240,14314380
RiscZeroGovernor,357,4559280
BaselineGovernor,100,6036166
RiscZeroGovernor,799,10624683
RiscZeroGovernor,122,1801505
RiscZeroGovernor,103,1585331
BaselineGovernor,810,48043042
RiscZeroGovernor,660,8544249
RiscZeroGovernor,283,3669614
BaselineGovernor,929,55089604
BaselineGovernor,102,6154411
RiscZeroGovernor,929,12757186
BaselineGovernor,739,43839608
RiscZeroGovernor,949,13103437
BaselineGovernor,689,40879809
RiscZeroGovernor,101,1562546
RiscZeroGovernor,103,1585331
BaselineGovernor,101,6095289
BaselineGovernor,664,39400022
BaselineGovernor,108,6509144
RiscZeroGovernor,954,13191506
RiscZeroGovernor,251,3291852
BaselineGovernor,692,41057388
RiscZeroGovernor,972,13510068
BaselineGovernor,486,28866136
BaselineGovernor,101,6095289
BaselineGovernor,214,12776820
RiscZeroGovernor,680,8832166
BaselineGovernor,426,25316251
RiscZeroGovernor,941,12964331
BaselineGovernor,761,45142015
BaselineGovernor,356,21175270
BaselineGovernor,102,6154411
RiscZeroGovernor,721,9432865
BaselineGovernor,767,45497226
RiscZeroGovernor,919,12587268
RiscZeroGovernor,373,4755061
BaselineGovernor,481,28570295
BaselineGovernor,126,7573370
RiscZeroGovernor,926,12706354
BaselineGovernor,785,46562889
RiscZeroGovernor,903,12315797
BaselineGovernor,852,50529868
BaselineGovernor,100,6036166
BaselineGovernor,439,26085355
RiscZeroGovernor,987,13776984
RiscZeroGovernor,587,7522749
BaselineGovernor,907,53786749
RiscZeroGovernor,389,4952164
RiscZeroGovernor,100,1551196
RiscZeroGovernor,173,2385368
BaselineGovernor,874,51832577
RiscZeroGovernor,896,12198554
RiscZeroGovernor,647,8358771
BaselineGovernor,926,54911939
BaselineGovernor,362,21530189
RiscZeroGovernor,738,9687564
RiscZeroGovernor,493,6269302
BaselineGovernor,746,44254004
RiscZeroGovernor,874,11831049
RiscZeroGovernor,494,6282509
BaselineGovernor,920,54556610
BaselineGovernor,346,20583750
RiscZeroGovernor,909,12415933
RiscZeroGovernor,102,1573937
BaselineGovernor,911,54023627
BaselineGovernor,153,9169782
BaselineGovernor,158,9465425
RiscZeroGovernor,932,12810758
RiscZeroGovernor,242,3186212
BaselineGovernor,949,56274069
RiscZeroGovernor,968,13439210
RiscZeroGovernor,726,9507777
BaselineGovernor,946,56096396
RiscZeroGovernor,973,13525687
RiscZeroGovernor,101,1562546
RiscZeroGovernor,141,2018344
BaselineGovernor,994,58939291
BaselineGovernor,243,14491797
BaselineGovernor,358,21293577
RiscZeroGovernor,999,13993183
RiscZeroGovernor,718,9388706
BaselineGovernor,948,56214844
RiscZeroGovernor,928,12741945
RiscZeroGovernor,198,2673939
BaselineGovernor,957,56747868
BaselineGovernor,100,6036166
RiscZeroGovernor,865,11682246
RiscZeroGovernor,342,4377002
BaselineGovernor,862,51122002
RiscZeroGovernor,808,10766638
BaselineGovernor,806,47806213
BaselineGovernor,329,19578194
RiscZeroGovernor,967,13420887
BaselineGovernor,760,45082813
RiscZeroGovernor,620,7979052
BaselineGovernor,360,21411882
RiscZeroGovernor,423,5375974
RiscZeroGovernor,102,1573937
BaselineGovernor,228,13604727
BaselineGovernor,510,30286211
RiscZeroGovernor,927,12724186
RiscZeroGovernor,662,8572245
RiscZeroGovernor,100,1551196
BaselineGovernor,907,53786749
RiscZeroGovernor,101,1562546
RiscZeroGovernor,915,12519106
BaselineGovernor,922,54675054
BaselineGovernor,402,23896420
RiscZeroGovernor,717,9373452
BaselineGovernor,212,12658548
RiscZeroGovernor,911,12451139
BaselineGovernor,956,56688643
BaselineGovernor,359,21352729
BaselineGovernor,242,14432659
RiscZeroGovernor,892,12131510
BaselineGovernor,682,40465461
RiscZeroGovernor,961,13313632
RiscZeroGovernor,115,1721811
BaselineGovernor,567,33659170
BaselineGovernor,100,6036166
RiscZeroGovernor,738,9687564
BaselineGovernor,454,26972810
BaselineGovernor,134,8046372
RiscZeroGovernor,698,9093736
RiscZeroGovernor,662,8572245
BaselineGovernor,802,47569385
BaselineGovernor,101,6095289
BaselineGovernor,484,28747799
RiscZeroGovernor,980,13652412
RiscZeroGovernor,100,1551196
RiscZeroGovernor,100,1551196
RiscZeroGovernor,100,1551196
BaselineGovernor,941,55800278
RiscZeroGovernor,629,8104120
BaselineGovernor,181,10825416
RiscZeroGovernor,588,7536642
BaselineGovernor,495,29398655
BaselineGovernor,207,12362873
BaselineGovernor,253,15083193
RiscZeroGovernor,914,12501439
BaselineGovernor,501,29753675
RiscZeroGovernor,577,7385724
BaselineGovernor,268,15970309
RiscZeroGovernor,631,8132859
BaselineGovernor,486,28866136
BaselineGovernor,323,19223300
RiscZeroGovernor,965,13384109
RiscZeroGovernor,152,2144286
BaselineGovernor,792,46977325
BaselineGovernor,108,6509144
BaselineGovernor,440,26144517
RiscZeroGovernor,948,13088026
RiscZeroGovernor,100,1551196
BaselineGovernor,357,21234424
RiscZeroGovernor,527,6715486
RiscZeroGovernor,165,2293385
BaselineGovernor,799,47391766
BaselineGovernor,122,7336872
BaselineGovernor,103,6213532
RiscZeroGovernor,849,11421104
BaselineGovernor,660,39163264
BaselineGovernor,283,16857452
RiscZeroGovernor,997,13955467
RiscZeroGovernor,320,4111531
RiscZeroGovernor,105,1607997
BaselineGovernor,929,55089604
RiscZeroGovernor,908,12400855
BaselineGovernor,949,56274069
BaselineGovernor,101,6095289
BaselineGovernor,103,6213532
RiscZeroGovernor,959,13279910
RiscZeroGovernor,102,1573937
RiscZeroGovernor,101,1562546
RiscZeroGovernor,214,2859520
RiscZeroGovernor,100,1551196
RiscZeroGovernor,101,1562546
RiscZeroGovernor,103,1585331
BaselineGovernor,954,56570192
BaselineGovernor,251,14964913
RiscZeroGovernor,940,12948988
RiscZeroGovernor,188,2558348
BaselineGovernor,972,57636262
RiscZeroGovernor,876,11865239
RiscZeroGovernor,606,7783936
RiscZeroGovernor,157,2201559
BaselineGovernor,680,40347077
RiscZeroGovernor,972,13510068
RiscZeroGovernor,206,2766635
BaselineGovernor,941,55800278
RiscZeroGovernor,811,10813577
BaselineGovernor,721,42774045
RiscZeroGovernor,217,2894341
BaselineGovernor,919,54497390
RiscZeroGovernor,910,12433527
BaselineGovernor,373,22180883
RiscZeroGovernor,833,11162890
RiscZeroGovernor,324,4159661
RiscZeroGovernor,146,2075578
BaselineGovernor,926,54911939
RiscZeroGovernor,674,8744753
RiscZeroGovernor,100,1551196
RiscZeroGovernor,439,5577579
BaselineGovernor,903,53549872
RiscZeroGovernor,936,12879771
RiscZeroGovernor,106,1619396
RiscZeroGovernor,185,2523645
BaselineGovernor,987,58524685
RiscZeroGovernor,428,5438895
RiscZeroGovernor,431,5476587
RiscZeroGovernor,156,2190137
BaselineGovernor,587,34842758
RiscZeroGovernor,661,8557571
RiscZeroGovernor,103,1585331
BaselineGovernor,389,23127374
BaselineGovernor,100,6036166
BaselineGovernor,173,10352369
RiscZeroGovernor,905,12348270
BaselineGovernor,896,53135343
RiscZeroGovernor,794,10545931
BaselineGovernor,647,38393811
RiscZeroGovernor,609,7825182
BaselineGovernor,738,43780409
RiscZeroGovernor,914,12501439
BaselineGovernor,493,29280317
RiscZeroGovernor,662,8572245
BaselineGovernor,874,51832577
RiscZeroGovernor,721,9432865
RiscZeroGovernor,101,1562546
RiscZeroGovernor,101,1562546
RiscZeroGovernor,102,1573937
RiscZeroGovernor,100,1551196
BaselineGovernor,494,29339486
RiscZeroGovernor,859,11585140
RiscZeroGovernor,100,1551196
BaselineGovernor,909,53905189
BaselineGovernor,102,6154411
RiscZeroGovernor,925,12688539
RiscZeroGovernor,591,7577556
BaselineGovernor,932,55267271
BaselineGovernor,242,14432659
RiscZeroGovernor,619,7964866
RiscZeroGovernor,188,2558348
RiscZeroGovernor,244,3209706
RiscZeroGovernor,101,1562546
BaselineGovernor,968,57399355
RiscZeroGovernor,926,12706354
BaselineGovernor,726,43070032
RiscZeroGovernor,906,12365812
RiscZeroGovernor,472,5998443
BaselineGovernor,973,57695491
BaselineGovernor,101,6095289
BaselineGovernor,141,8460256
RiscZeroGovernor,845,11356279
BaselineGovernor,999,59235442
RiscZeroGovernor,955,13209731
RiscZeroGovernor,101,1562546
RiscZeroGovernor,102,1573937
RiscZeroGovernor,100,1551196
RiscZeroGovernor,100,1551196
BaselineGovernor,718,42596456
RiscZeroGovernor,783,10375235
BaselineGovernor,928,55030382
BaselineGovernor,198,11830668
RiscZeroGovernor,927,12724186
RiscZeroGovernor,648,8373224
RiscZeroGovernor,138,1984089
RiscZeroGovernor,189,2569823
BaselineGovernor,865,51299643
BaselineGovernor,342,20347146
RiscZeroGovernor,528,6728875
BaselineGovernor,808,47924627
RiscZeroGovernor,910,12433527
RiscZeroGovernor,368,4694045
BaselineGovernor,967,57340127
RiscZeroGovernor,914,12501439
BaselineGovernor,620,36795784
RiscZeroGovernor,707,9226404
RiscZeroGovernor,353,4510534
BaselineGovernor,423,25138768
BaselineGovernor,102,6154411
RiscZeroGovernor,614,7894915
RiscZeroGovernor,127,1858545
RiscZeroGovernor,102,1573937
RiscZeroGovernor,644,8316499
BaselineGovernor,927,54971161
RiscZeroGovernor,660,8544249
BaselineGovernor,662,39281644
BaselineGovernor,100,6036166
BaselineGovernor,101,6095289
RiscZeroGovernor,838,11243827
BaselineGovernor,915,54260509
RiscZeroGovernor,712,9300547
BaselineGovernor,717,42537260
RiscZeroGovernor,905,12348270
BaselineGovernor,911,54023627
RiscZeroGovernor,948,13088026
RiscZeroGovernor,470,5972441
BaselineGovernor,892,52898473
RiscZeroGovernor,608,7812161
BaselineGovernor,961,56984770
RiscZeroGovernor,944,13018406
BaselineGovernor,115,6923005
RiscZeroGovernor,640,8259912
RiscZeroGovernor,102,1573937
BaselineGovernor,738,43780409
RiscZeroGovernor,908,12400855
BaselineGovernor,698,41412550
BaselineGovernor,662,39281644
RiscZeroGovernor,988,13795600
RiscZeroGovernor,860,11601989
BaselineGovernor,980,58110084
RiscZeroGovernor,100,1551196
BaselineGovernor,100,6036166
BaselineGovernor,100,6036166
BaselineGovernor,100,6036166
RiscZeroGovernor,928,12741945
BaselineGovernor,629,37328450
RiscZeroGovernor,492,6256862
RiscZeroGovernor,100,1551196
BaselineGovernor,588,34901939
RiscZeroGovernor,666,8629603
RiscZeroGovernor,496,6308865
RiscZeroGovernor,101,1562546
RiscZeroGovernor,101,1562546
BaselineGovernor,914,54201288
BaselineGovernor,577,34250957
RiscZeroGovernor,945,13033782
BaselineGovernor,631,37446821
RiscZeroGovernor,911,12451139
BaselineGovernor,965,57221676
BaselineGovernor,152,9110654
RiscZeroGovernor,944,13018406
RiscZeroGovernor,533,6794515
BaselineGovernor,948,56214844
BaselineGovernor,100,6036166
RiscZeroGovernor,918,12569545
RiscZeroGovernor,103,1585331
BaselineGovernor,527,31292139
BaselineGovernor,165,9879329
RiscZeroGovernor,954,13191506
RiscZeroGovernor,138,1984089
RiscZeroGovernor,102,1573937
RiscZeroGovernor,199,2685571
BaselineGovernor,849,50352230
RiscZeroGovernor,375,4779894
RiscZeroGovernor,176,2419964
RiscZeroGovernor,477,6062286
RiscZeroGovernor,279,3622180
BaselineGovernor,997,59116982
BaselineGovernor,320,19045854
BaselineGovernor,105,6331777
RiscZeroGovernor,915,12519106
RiscZeroGovernor,333,4267969
BaselineGovernor,908,53845969
RiscZeroGovernor,913,12483788
RiscZeroGovernor,140,2006945
RiscZeroGovernor,254,3327030
BaselineGovernor,959,56866319
BaselineGovernor,102,6154411
BaselineGovernor,101,6095289
RiscZeroGovernor,834,11179496
BaselineGovernor,214,12776820
RiscZeroGovernor,147,2087064
BaselineGovernor,100,6036166
BaselineGovernor,101,6095289
RiscZeroGovernor,301,3883678
RiscZeroGovernor,166,2304920
BaselineGovernor,103,6213532
RiscZeroGovernor,395,5026723
BaselineGovernor,940,55741054
RiscZeroGovernor,866,11699260
RiscZeroGovernor,100,1551196
BaselineGovernor,188,11239339
RiscZeroGovernor,416,5288319
RiscZeroGovernor,102,1573937
RiscZeroGovernor,393,5001653
BaselineGovernor,876,51951008
RiscZeroGovernor,514,6543866
RiscZeroGovernor,275,3574807
BaselineGovernor,606,35967212
BaselineGovernor,157,9406297
RiscZeroGovernor,728,9538411
RiscZeroGovernor,154,2167204
RiscZeroGovernor,935,12861903
BaselineGovernor,972,57636262
RiscZeroGovernor,100,1551196
BaselineGovernor,206,12303740
RiscZeroGovernor,907,12383372
RiscZeroGovernor,214,2859520
BaselineGovernor,811,48102250
BaselineGovernor,217,12954225
RiscZeroGovernor,429,5451065
RiscZeroGovernor,100,1551196
RiscZeroGovernor,100,1551196
RiscZeroGovernor,101,1562546
BaselineGovernor,910,53964409
RiscZeroGovernor,839,11260497
BaselineGovernor,833,49404848
RiscZeroGovernor,916,12536698
BaselineGovernor,324,19282450
BaselineGovernor,146,8755890
RiscZeroGovernor,952,13157852
RiscZeroGovernor,100,1551196
BaselineGovernor,674,39991929
BaselineGovernor,100,6036166
RiscZeroGovernor,390,4964672
RiscZeroGovernor,101,1562546
RiscZeroGovernor,217,2894341
RiscZeroGovernor,231,3057630
BaselineGovernor,439,26085355
RiscZeroGovernor,349,4461868
RiscZeroGovernor,916,12536698
BaselineGovernor,936,55504161
RiscZeroGovernor,103,1585331
BaselineGovernor,106,6390899
BaselineGovernor,185,11061942
RiscZeroGovernor,711,9285440
BaselineGovernor,428,25434574
RiscZeroGovernor,496,6308865
BaselineGovernor,431,25612058
BaselineGovernor,156,9347167
RiscZeroGovernor,555,7088810
BaselineGovernor,661,39222455
BaselineGovernor,103,6213532
RiscZeroGovernor,929,12757186
BaselineGovernor,905,53668311
RiscZeroGovernor,916,12536698
BaselineGovernor,794,47095736
RiscZeroGovernor,947,13069989
RiscZeroGovernor,348,4449986
BaselineGovernor,609,36144760
RiscZeroGovernor,426,5413494
BaselineGovernor,914,54201288
RiscZeroGovernor,912,12468678
BaselineGovernor,662,39281644
RiscZeroGovernor,908,12400855
BaselineGovernor,721,42774045
BaselineGovernor,101,6095289
BaselineGovernor,101,6095289
RiscZeroGovernor,867,11716286
BaselineGovernor,102,6154411
BaselineGovernor,100,6036166
RiscZeroGovernor,660,8544249
BaselineGovernor,859,50944360
BaselineGovernor,100,6036166
RiscZeroGovernor,793,10529814
RiscZeroGovernor,781,10343271
RiscZeroGovernor,214,2859520
BaselineGovernor,925,54852718
BaselineGovernor,591,35079481
RiscZeroGovernor,836,11212661
BaselineGovernor,619,36736599
BaselineGovernor,188,11239339
RiscZeroGovernor,931,12792944
RiscZeroGovernor,100,1551196
BaselineGovernor,244,14550937
RiscZeroGovernor,100,1551196
BaselineGovernor,101,6095289
RiscZeroGovernor,235,3104365
RiscZeroGovernor,914,12501439
BaselineGovernor,926,54911939
RiscZeroGovernor,282,3657660
RiscZeroGovernor,382,4865903
RiscZeroGovernor,631,8132859
BaselineGovernor,906,53727529
RiscZeroGovernor,102,1573937
RiscZeroGovernor,506,6438991
BaselineGovernor,472,28037789
RiscZeroGovernor,819,10940381
RiscZeroGovernor,101,1562546
RiscZeroGovernor,284,3681486
BaselineGovernor,845,50115384
RiscZeroGovernor,100,1551196
RiscZeroGovernor,101,1562546
RiscZeroGovernor,520,6623196
RiscZeroGovernor,307,3955586
BaselineGovernor,955,56629417
RiscZeroGovernor,476,6049917
BaselineGovernor,101,6095289
BaselineGovernor,102,6154411
BaselineGovernor,100,6036166
BaselineGovernor,100,6036166
RiscZeroGovernor,941,12964331
BaselineGovernor,783,46444480
RiscZeroGovernor,865,11682246
BaselineGovernor,927,54971161
RiscZeroGovernor,866,11699260
RiscZeroGovernor,384,4890757
RiscZeroGovernor,101,1562546
BaselineGovernor,648,38453000
RiscZeroGovernor,248,3256621
BaselineGovernor,138,8282875
BaselineGovernor,189,11298471
RiscZeroGovernor,662,8572245
BaselineGovernor,528,31351313
RiscZeroGovernor,923,12655628
BaselineGovernor,910,53964409
BaselineGovernor,368,21885110
RiscZeroGovernor,782,10359246
RiscZeroGovernor,906,12365812
BaselineGovernor,914,54201288
RiscZeroGovernor,269,3503705
BaselineGovernor,707,41945302
RiscZeroGovernor,949,13103437
BaselineGovernor,353,20997813
RiscZeroGovernor,652,8430090
BaselineGovernor,614,36440679
RiscZeroGovernor,278,3610244
BaselineGovernor,127,7632494
BaselineGovernor,102,6154411
BaselineGovernor,644,38216249
RiscZeroGovernor,921,12620089
RiscZeroGovernor,395,5026723
RiscZeroGovernor,126,1847104
RiscZeroGovernor,399,5076345
BaselineGovernor,660,39163264
RiscZeroGovernor,908,12400855
BaselineGovernor,838,49700903
RiscZeroGovernor,493,6269302
BaselineGovernor,712,42241279
RiscZeroGovernor,932,12810758
RiscZeroGovernor,155,2178711
BaselineGovernor,905,53668311
RiscZeroGovernor,897,12213534
BaselineGovernor,948,56214844
RiscZeroGovernor,719,9403975
BaselineGovernor,470,27919458
RiscZeroGovernor,897,12213534
RiscZeroGovernor,266,3468367
BaselineGovernor,608,36085576
RiscZeroGovernor,662,8572245
RiscZeroGovernor,224,2975950
BaselineGovernor,944,55977948
RiscZeroGovernor,932,12810758
RiscZeroGovernor,102,1573937
BaselineGovernor,640,37979499
BaselineGovernor,102,6154411
RiscZeroGovernor,915,12519106
BaselineGovernor,908,53845969
RiscZeroGovernor,939,12931063
RiscZeroGovernor,100,1551196
RiscZeroGovernor,223,2964315
BaselineGovernor,988,58583914
RiscZeroGovernor,327,4195780
RiscZeroGovernor,246,3233095
BaselineGovernor,860,51003573
BaselineGovernor,100,6036166
RiscZeroGovernor,954,13191506
BaselineGovernor,928,55030382
RiscZeroGovernor,918,12569545
BaselineGovernor,492,29221148
BaselineGovernor,100,6036166
RiscZeroGovernor,909,12415933
BaselineGovernor,666,39518404
RiscZeroGovernor,662,8572245
BaselineGovernor,496,29457824
BaselineGovernor,101,6095289
BaselineGovernor,101,6095289
RiscZeroGovernor,911,12451139
BaselineGovernor,945,56037172
RiscZeroGovernor,916,12536698
RiscZeroGovernor,152,2144286
BaselineGovernor,911,54023627
RiscZeroGovernor,826,11051370
RiscZeroGovernor,511,6504711
RiscZeroGovernor,100,1551196
RiscZeroGovernor,425,5400763
BaselineGovernor,944,55977948
RiscZeroGovernor,161,2247453
RiscZeroGovernor,103,1585331
RiscZeroGovernor,361,4608104
BaselineGovernor,533,31647183
RiscZeroGovernor,953,13173296
BaselineGovernor,918,54438170
BaselineGovernor,103,6213532
RiscZeroGovernor,955,13209731
RiscZeroGovernor,101,1562546
BaselineGovernor,954,56570192
BaselineGovernor,138,8282875
BaselineGovernor,102,6154411
RiscZeroGovernor,758,9990411
RiscZeroGovernor,102,1573937
RiscZeroGovernor,162,2258977
BaselineGovernor,199,11889800
RiscZeroGovernor,350,4474147
BaselineGovernor,375,22299192
RiscZeroGovernor,447,5678958
BaselineGovernor,176,10529760
RiscZeroGovernor,101,1562546
BaselineGovernor,477,28333625
RiscZeroGovernor,604,7756795
BaselineGovernor,279,16620878
RiscZeroGovernor,886,12030150
BaselineGovernor,915,54260509
BaselineGovernor,333,19814794
RiscZeroGovernor,899,12248419
BaselineGovernor,913,54142067
RiscZeroGovernor,915,12519106
BaselineGovernor,140,8401129
RiscZeroGovernor,162,2258977
BaselineGovernor,254,15142333
RiscZeroGovernor,874,11831049
BaselineGovernor,834,49464059
BaselineGovernor,147,8815018
RiscZeroGovernor,588,7536642
RiscZeroGovernor,374,4767474
BaselineGovernor,301,17922060
RiscZeroGovernor,144,2052691
BaselineGovernor,166,9938458
RiscZeroGovernor,429,5451065
BaselineGovernor,395,23482315
RiscZeroGovernor,914,12501439
BaselineGovernor,866,51358857
BaselineGovernor,100,6036166
RiscZeroGovernor,619,7964866
RiscZeroGovernor,180,2466049
BaselineGovernor,416,24724646
BaselineGovernor,102,6154411
RiscZeroGovernor,721,9432865
BaselineGovernor,393,23364001
RiscZeroGovernor,532,6781887
BaselineGovernor,514,30522898
RiscZeroGovernor,554,7075116
BaselineGovernor,275,16384306
RiscZeroGovernor,894,12163837
BaselineGovernor,728,43188425
BaselineGovernor,154,9228912
RiscZeroGovernor,625,8048063
RiscZeroGovernor,100,1551196
BaselineGovernor,935,55444938
BaselineGovernor,100,6036166
RiscZeroGovernor,905,12348270
RiscZeroGovernor,175,2408484
BaselineGovernor,907,53786749
RiscZeroGovernor,790,10483533
BaselineGovernor,214,12776820RiscZeroGovernor,283,3669614

BaselineGovernor,429,25493736
BaselineGovernor,100,6036166
BaselineGovernor,100,6036166
BaselineGovernor,101,6095289
RiscZeroGovernor,935,12861903
RiscZeroGovernor,195,2639279
BaselineGovernor,839,49760112
RiscZeroGovernor,977,13596788
RiscZeroGovernor,620,7979052
BaselineGovernor,916,54319728
RiscZeroGovernor,909,12415933
BaselineGovernor,952,56451741
BaselineGovernor,100,6036166
RiscZeroGovernor,585,7494817
BaselineGovernor,390,23186530
BaselineGovernor,101,6095289
RiscZeroGovernor,586,7508776
BaselineGovernor,217,12954225
BaselineGovernor,231,13782139
RiscZeroGovernor,663,8586933
BaselineGovernor,349,20761206
RiscZeroGovernor,938,12913063
BaselineGovernor,916,54319728
BaselineGovernor,103,6213532
RiscZeroGovernor,701,9137339
BaselineGovernor,711,42182082
RiscZeroGovernor,839,11260497
RiscZeroGovernor,141,2018344
BaselineGovernor,496,29457824
BaselineGovernor,555,32949041
RiscZeroGovernor,888,12064655
BaselineGovernor,929,55089604
RiscZeroGovernor,956,13227883
RiscZeroGovernor,842,11308339
BaselineGovernor,916,54319728
RiscZeroGovernor,896,12198554
RiscZeroGovernor,185,2523645
BaselineGovernor,947,56155620
BaselineGovernor,348,20702053
BaselineGovernor,426,25316251
RiscZeroGovernor,942,12982370
RiscZeroGovernor,146,2075578
RiscZeroGovernor,660,8544249
RiscZeroGovernor,275,3574807
RiscZeroGovernor,103,1585331
RiscZeroGovernor,100,1551196
BaselineGovernor,912,54082846
RiscZeroGovernor,294,3800297
RiscZeroGovernor,203,2731909
RiscZeroGovernor,100,1551196
BaselineGovernor,908,53845969
RiscZeroGovernor,875,11848181
RiscZeroGovernor,103,1585331
RiscZeroGovernor,100,1551196
BaselineGovernor,867,51418072
RiscZeroGovernor,752,9899954
BaselineGovernor,660,39163264
RiscZeroGovernor,929,12757186
BaselineGovernor,793,47036530
RiscZeroGovernor,675,8759559
RiscZeroGovernor,100,1551196
RiscZeroGovernor,468,5947074
BaselineGovernor,781,46326074
BaselineGovernor,214,12776820
RiscZeroGovernor,994,13902096
RiscZeroGovernor,384,4890757
BaselineGovernor,836,49582482
RiscZeroGovernor,417,5300441
RiscZeroGovernor,100,1551196
RiscZeroGovernor,551,7035123
BaselineGovernor,931,55208048
BaselineGovernor,100,6036166
BaselineGovernor,100,6036166
RiscZeroGovernor,744,9778798
BaselineGovernor,235,14018689
RiscZeroGovernor,836,11212661
RiscZeroGovernor,100,1551196
RiscZeroGovernor,100,1551196
BaselineGovernor,914,54201288
BaselineGovernor,282,16798308
RiscZeroGovernor,907,12383372
BaselineGovernor,382,22713280
BaselineGovernor,631,37446821
BaselineGovernor,102,6154411
RiscZeroGovernor,921,12620089
RiscZeroGovernor,617,7936355
BaselineGovernor,506,30049527
RiscZeroGovernor,596,7646460
RiscZeroGovernor,230,3045887
BaselineGovernor,819,48575916
BaselineGovernor,101,6095289
BaselineGovernor,284,16916596
BaselineGovernor,100,6036166
RiscZeroGovernor,906,12365812
BaselineGovernor,101,6095289
RiscZeroGovernor,100,1551196
RiscZeroGovernor,207,2778293
BaselineGovernor,520,30877929
RiscZeroGovernor,671,8701872
BaselineGovernor,307,18276938
BaselineGovernor,476,28274458
RiscZeroGovernor,829,11098789
RiscZeroGovernor,100,1551196
RiscZeroGovernor,103,1585331
RiscZeroGovernor,696,9065150
RiscZeroGovernor,100,1551196
BaselineGovernor,941,55800278
RiscZeroGovernor,945,13033782
RiscZeroGovernor,100,1551196
BaselineGovernor,865,51299643
RiscZeroGovernor,192,2604563
BaselineGovernor,866,51358857
RiscZeroGovernor,908,12400855
RiscZeroGovernor,100,1551196
BaselineGovernor,384,22831591
BaselineGovernor,101,6095289
BaselineGovernor,248,14787493
RiscZeroGovernor,920,12604914
BaselineGovernor,662,39281644
RiscZeroGovernor,676,8774292
BaselineGovernor,923,54734275
RiscZeroGovernor,943,13000425
BaselineGovernor,782,46385278
RiscZeroGovernor,984,13723899
BaselineGovernor,906,53727529
RiscZeroGovernor,910,12433527
BaselineGovernor,269,16029452
RiscZeroGovernor,109,1653477
RiscZeroGovernor,154,2167204
RiscZeroGovernor,102,1573937
RiscZeroGovernor,103,1585331
RiscZeroGovernor,181,2477511
RiscZeroGovernor,533,6794515
BaselineGovernor,949,56274069
RiscZeroGovernor,932,12810758
BaselineGovernor,652,38689753
RiscZeroGovernor,139,1995558
BaselineGovernor,278,16561735
RiscZeroGovernor,660,8544249
RiscZeroGovernor,662,8572245
RiscZeroGovernor,103,1585331
RiscZeroGovernor,100,1551196
BaselineGovernor,921,54615831
RiscZeroGovernor,360,4596181
BaselineGovernor,395,23482315
BaselineGovernor,126,7573370
RiscZeroGovernor,709,9255088
RiscZeroGovernor,103,1585331
BaselineGovernor,399,23718945
RiscZeroGovernor,506,6438991
BaselineGovernor,908,53845969
RiscZeroGovernor,907,12383372
BaselineGovernor,493,29280317
RiscZeroGovernor,909,12415933
RiscZeroGovernor,426,5413494
RiscZeroGovernor,119,1767360
BaselineGovernor,932,55267271
RiscZeroGovernor,100,1551196
BaselineGovernor,155,9288040
RiscZeroGovernor,337,4316330
RiscZeroGovernor,230,3045887
RiscZeroGovernor,101,1562546
RiscZeroGovernor,636,8203466
BaselineGovernor,897,53194561
RiscZeroGovernor,587,7522749
BaselineGovernor,719,42655651
RiscZeroGovernor,734,9627475
BaselineGovernor,897,53194561
RiscZeroGovernor,941,12964331
BaselineGovernor,266,15852025
RiscZeroGovernor,327,4195780
BaselineGovernor,662,39281644
BaselineGovernor,224,13368179
RiscZeroGovernor,928,12741945
RiscZeroGovernor,147,2087064
BaselineGovernor,932,55267271
BaselineGovernor,102,6154411
RiscZeroGovernor,960,13298119
RiscZeroGovernor,364,4645074
BaselineGovernor,915,54260509
RiscZeroGovernor,919,12587268
RiscZeroGovernor,212,2836317
BaselineGovernor,939,55681831
BaselineGovernor,100,6036166
RiscZeroGovernor,926,12706354
BaselineGovernor,223,13309042
RiscZeroGovernor,100,1551196
RiscZeroGovernor,221,2940894
BaselineGovernor,327,19459894
RiscZeroGovernor,415,5275734
RiscZeroGovernor,101,1562546
RiscZeroGovernor,102,1573937
RiscZeroGovernor,101,1562546
BaselineGovernor,246,14669215
RiscZeroGovernor,440,5590319
BaselineGovernor,954,56570192
RiscZeroGovernor,956,13227883
RiscZeroGovernor,307,3955586
RiscZeroGovernor,326,4183621
RiscZeroGovernor,103,1585331
BaselineGovernor,918,54438170
RiscZeroGovernor,912,12468678
BaselineGovernor,909,53905189
RiscZeroGovernor,592,7591486
RiscZeroGovernor,279,3622180
RiscZeroGovernor,158,2213072
RiscZeroGovernor,184,2512177
BaselineGovernor,662,39281644
RiscZeroGovernor,957,13243361
BaselineGovernor,911,54023627
RiscZeroGovernor,663,8586933
RiscZeroGovernor,103,1585331
BaselineGovernor,916,54319728
BaselineGovernor,152,9110654
RiscZeroGovernor,932,12810758
RiscZeroGovernor,101,1562546
RiscZeroGovernor,475,6036925
BaselineGovernor,826,48990379
BaselineGovernor,511,30345381
BaselineGovernor,100,6036166
RiscZeroGovernor,989,13811358
BaselineGovernor,425,25257090
BaselineGovernor,161,9642811
BaselineGovernor,103,6213532
RiscZeroGovernor,885,12012876
BaselineGovernor,361,21471036
RiscZeroGovernor,642,8287594
BaselineGovernor,953,56510967
RiscZeroGovernor,917,12551840
RiscZeroGovernor,103,1585331
BaselineGovernor,955,56629417
RiscZeroGovernor,690,8976812
BaselineGovernor,101,6095289
RiscZeroGovernor,660,8544249
BaselineGovernor,758,44964411
BaselineGovernor,102,6154411
BaselineGovernor,162,9701941
BaselineGovernor,350,20820358
RiscZeroGovernor,999,13993183
RiscZeroGovernor,159,2224588
BaselineGovernor,447,26558661
BaselineGovernor,101,6095289
RiscZeroGovernor,876,11865239
BaselineGovernor,604,35848845
RiscZeroGovernor,662,8572245
RiscZeroGovernor,100,1551196
RiscZeroGovernor,286,3705142
RiscZeroGovernor,103,1585331
RiscZeroGovernor,321,4123326
BaselineGovernor,886,52543170
RiscZeroGovernor,663,8586933
RiscZeroGovernor,617,7936355
BaselineGovernor,899,53312999
RiscZeroGovernor,713,9314192
RiscZeroGovernor,409,5200485
BaselineGovernor,915,54260509
RiscZeroGovernor,179,2454557
RiscZeroGovernor,100,1551196
BaselineGovernor,162,9701941
RiscZeroGovernor,439,5577579
BaselineGovernor,874,51832577
RiscZeroGovernor,989,13811358
BaselineGovernor,588,34901939
RiscZeroGovernor,439,5577579
RiscZeroGovernor,277,3598317
BaselineGovernor,374,22240038
BaselineGovernor,144,8637634
BaselineGovernor,429,25493736
RiscZeroGovernor,931,12792944
RiscZeroGovernor,100,1551196
RiscZeroGovernor,368,4694045
RiscZeroGovernor,311,4003485
BaselineGovernor,914,54201288
RiscZeroGovernor,925,12688539
RiscZeroGovernor,101,1562546
BaselineGovernor,619,36736599
RiscZeroGovernor,274,3562891
BaselineGovernor,180,10766284
RiscZeroGovernor,181,2477511
RiscZeroGovernor,487,6191886
RiscZeroGovernor,100,1551196
BaselineGovernor,721,42774045
RiscZeroGovernor,658,8515032
BaselineGovernor,532,31588008
RiscZeroGovernor,812,10829827
BaselineGovernor,554,32889864
RiscZeroGovernor,932,12810758
BaselineGovernor,894,53016908
RiscZeroGovernor,273,3550980
BaselineGovernor,625,37091708
BaselineGovernor,100,6036166
RiscZeroGovernor,917,12551840
BaselineGovernor,905,53668311
RiscZeroGovernor,905,12348270
BaselineGovernor,175,10470629
RiscZeroGovernor,663,8586933
RiscZeroGovernor,100,1551196
RiscZeroGovernor,100,1551196
BaselineGovernor,790,46858915
BaselineGovernor,283,16857452
RiscZeroGovernor,957,13243361
RiscZeroGovernor,100,1551196
BaselineGovernor,935,55444938
BaselineGovernor,195,11653268
RiscZeroGovernor,861,11616684
RiscZeroGovernor,562,7182789
RiscZeroGovernor,599,7687561
BaselineGovernor,977,57932400
RiscZeroGovernor,188,2558348
RiscZeroGovernor,241,3174429
BaselineGovernor,620,36795784
RiscZeroGovernor,660,8544249
RiscZeroGovernor,212,2836317
BaselineGovernor,909,53905189
RiscZeroGovernor,912,12468678
BaselineGovernor,585,34724397
RiscZeroGovernor,672,8716564
RiscZeroGovernor,470,5972441
BaselineGovernor,586,34783577
RiscZeroGovernor,401,5100893
RiscZeroGovernor,196,2650821
BaselineGovernor,663,39340833
RiscZeroGovernor,986,13758294
RiscZeroGovernor,375,4779894
BaselineGovernor,938,55622607
RiscZeroGovernor,673,8729958
RiscZeroGovernor,145,2064094
BaselineGovernor,701,41590133
RiscZeroGovernor,926,12706354
RiscZeroGovernor,182,2489090
BaselineGovernor,839,49760112
BaselineGovernor,141,8460256
RiscZeroGovernor,889,12079570
BaselineGovernor,888,52661603
RiscZeroGovernor,818,10923958
RiscZeroGovernor,359,4583932
RiscZeroGovernor,100,1551196
BaselineGovernor,956,56688643
RiscZeroGovernor,949,13103437
BaselineGovernor,842,49937747
RiscZeroGovernor,957,13243361
BaselineGovernor,896,53135343
BaselineGovernor,185,11061942
RiscZeroGovernor,916,12536698
BaselineGovernor,942,55859502
BaselineGovernor,146,8755890
RiscZeroGovernor,946,13051877
RiscZeroGovernor,334,4280163
BaselineGovernor,660,39163264
RiscZeroGovernor,425,5400763
RiscZeroGovernor,103,1585331
BaselineGovernor,275,16384306
BaselineGovernor,103,6213532
BaselineGovernor,100,6036166
RiscZeroGovernor,622,8006429
BaselineGovernor,294,17508041
RiscZeroGovernor,439,5577579
BaselineGovernor,203,12126336
RiscZeroGovernor,103,1585331
BaselineGovernor,100,6036166
RiscZeroGovernor,924,12673329
BaselineGovernor,875,51891792
BaselineGovernor,103,6213532
BaselineGovernor,100,6036166
RiscZeroGovernor,904,12333227
BaselineGovernor,752,44609204
RiscZeroGovernor,411,5225752
RiscZeroGovernor,470,5972441
RiscZeroGovernor,366,4669376
RiscZeroGovernor,101,1562546
RiscZeroGovernor,250,3280034
BaselineGovernor,929,55089604
RiscZeroGovernor,423,5375974
RiscZeroGovernor,226,2999220
BaselineGovernor,675,40051119
BaselineGovernor,100,6036166
BaselineGovernor,468,27801124
RiscZeroGovernor,1000,14011975
RiscZeroGovernor,397,5051231
RiscZeroGovernor,249,3268221
RiscZeroGovernor,592,7591486
BaselineGovernor,994,58939291
BaselineGovernor,384,22831591
RiscZeroGovernor,757,9974713
BaselineGovernor,417,24783806
BaselineGovernor,100,6036166
RiscZeroGovernor,661,8557571
RiscZeroGovernor,103,1585331
RiscZeroGovernor,471,5985481
BaselineGovernor,551,32712334
BaselineGovernor,744,44135604
RiscZeroGovernor,938,12913063
RiscZeroGovernor,368,4694045
RiscZeroGovernor,116,1733147
RiscZeroGovernor,249,3268221
RiscZeroGovernor,469,6179112
BaselineGovernor,469,28122873
RiscZeroGovernor,915,12939444
BaselineGovernor,915,54767933
RiscZeroGovernor,828,11465808
BaselineGovernor,828,49568771
RiscZeroGovernor,660,8850111
BaselineGovernor,660,39531165
RiscZeroGovernor,908,12818076
BaselineGovernor,908,54349629
RiscZeroGovernor,940,13380462
BaselineGovernor,940,56262135
RiscZeroGovernor,924,13097682
RiscZeroGovernor,329,4374790
BaselineGovernor,924,55305820
RiscZeroGovernor,617,8223921
BaselineGovernor,329,19763100
BaselineGovernor,617,36962481
RiscZeroGovernor,907,12802638
BaselineGovernor,907,54289794
